Khieu_Nai,Ghi_Chu_Khach_Hang,Loai_Dich_Vu,Goi_Dich_Vu,Muc_Do_Uu_Tien
,,Thay bình ắc quy,,Khẩn cấp
,,Thay bình ắc quy,,Bình thường
,,Thay bình ắc quy,Gói bảo dưỡng Vàng,Khẩn cấp
,,Thay bình ắc quy,Một lần,Khẩn cấp
,,Bảo dưỡng phanh,,Khẩn cấp
,,Bảo dưỡng phanh,,Khẩn cấp
,,Bảo dưỡng phanh,Gói bảo dưỡng Vàng,Khẩn cấp
,,Bảo dưỡng phanh,Gói bảo dưỡng Vàng,Bình thường
,,Bảo dưỡng phanh,Một lần,Khẩn cấp
,,Bảo dưỡng phanh,Một lần,Khẩn cấp
,,Bảo dưỡng phanh,Một lần,Bình thường
,,Bảo dưỡng phanh,Gói Vàng,Đặt trước
,,Bảo dưỡng phanh,Gói Vàng,Bình thường
,,Bảo dưỡng phanh,Một lần,Đặt trước
,,Bảo dưỡng phanh,Một lần,Khẩn cấp
,,Bảo dưỡng phanh,Một lần,Khẩn cấp
,,Bảo dưỡng phanh,Một lần,Bình thường
,,Sửa chữa động cơ,,Khẩn cấp
,,Sửa chữa động cơ,Gói bảo dưỡng Vàng,Bình thường
,,Sửa chữa động cơ,Một lần,Đặt trước
,,Sửa chữa động cơ,Một lần,Khẩn cấp
,,Sửa chữa động cơ,Gói Vàng,Bình thường
,,Thay dầu,Gói bảo dưỡng Vàng,Khẩn cấp
,,Thay dầu,Một lần,Bình thường
,,Thay dầu,Một lần,Bình thường
,,Sửa chữa hệ thống treo,,Đặt trước
,,Sửa chữa hệ thống treo,Gói bảo dưỡng Vàng,Bình thường
,,Sửa chữa hệ thống treo,Một lần,Đặt trước
,,Sửa chữa hệ thống treo,Một lần,Bình thường
,,Sửa chữa hệ thống treo,Gói Vàng,Đặt trước
,,Sửa chữa hệ thống treo,Gói Vàng,Khẩn cấp
,,Sửa chữa hệ thống treo,Gói Vàng,Bình thường
,,Sửa chữa hệ thống treo,Một lần,Khẩn cấp
,,Sửa chữa hệ thống treo,Một lần,Bình thường
,Hay đến muộn,Thay bình ắc quy,,Khẩn cấp
,Hay đến muộn,Thay bình ắc quy,,Bình thường
,Hay đến muộn,Thay bình ắc quy,Gói Vàng,Khẩn cấp
,Hay đến muộn,Thay bình ắc quy,Một lần,Đặt trước
,Hay đến muộn,Bảo dưỡng phanh,Gói bảo dưỡng Vàng,Khẩn cấp
,Hay đến muộn,Bảo dưỡng phanh,Một lần,Đặt trước
,Hay đến muộn,Bảo dưỡng phanh,Gói Vàng,Bình thường
,Hay đến muộn,Bảo dưỡng phanh,Một lần,Khẩn cấp
,Hay đến muộn,Sửa chữa động cơ,,Khẩn cấp
,Hay đến muộn,Sửa chữa động cơ,Một lần,Khẩn cấp
,Hay đến muộn,Thay dầu,,Bình thường
,Hay đến muộn,Thay dầu,Gói bảo dưỡng Vàng,Khẩn cấp
,Hay đến muộn,Thay dầu,Gói bảo dưỡng Vàng,Bình thường
,Hay đến muộn,Thay dầu,Một lần,Bình thường
,Hay đến muộn,Thay dầu,Một lần,Bình thường
,Hay đến muộn,Sửa chữa hệ thống treo,,Khẩn cấp
,Hay đến muộn,Sửa chữa hệ thống treo,Gói bảo dưỡng Vàng,Đặt trước
,Hay đến muộn,Sửa chữa hệ thống treo,Gói Vàng,Khẩn cấp
,Hay đến muộn,Sửa chữa hệ thống treo,Một lần,Bình thường
,Ưu tiên làm buổi sáng,Thay bình ắc quy,,Khẩn cấp
,Ưu tiên làm buổi sáng,Thay bình ắc quy,Gói bảo dưỡng Vàng,Khẩn cấp
,Ưu tiên làm buổi sáng,Thay bình ắc quy,Một lần,Đặt trước
,Ưu tiên làm buổi sáng,Thay bình ắc quy,Một lần,Khẩn cấp
,Ưu tiên làm buổi sáng,Thay bình ắc quy,Gói Vàng,Bình thường
,Ưu tiên làm buổi sáng,Thay bình ắc quy,Một lần,Bình thường
,Ưu tiên làm buổi sáng,Thay bình ắc quy,Một lần,Bình thường
,Ưu tiên làm buổi sáng,Bảo dưỡng phanh,,Khẩn cấp
,Ưu tiên làm buổi sáng,Bảo dưỡng phanh,,Bình thường
,Ưu tiên làm buổi sáng,Bảo dưỡng phanh,Gói bảo dưỡng Vàng,Bình thường
,Ưu tiên làm buổi sáng,Bảo dưỡng phanh,Gói Vàng,Bình thường
,Ưu tiên làm buổi sáng,Sửa chữa động cơ,,Khẩn cấp
,Ưu tiên làm buổi sáng,Sửa chữa động cơ,,Bình thường
,Ưu tiên làm buổi sáng,Sửa chữa động cơ,Gói Vàng,Bình thường
,Ưu tiên làm buổi sáng,Sửa chữa động cơ,Một lần,Bình thường
,Ưu tiên làm buổi sáng,Thay dầu,,Khẩn cấp
,Ưu tiên làm buổi sáng,Thay dầu,Gói bảo dưỡng Vàng,Khẩn cấp
,Ưu tiên làm buổi sáng,Thay dầu,Một lần,Bình thường
,Ưu tiên làm buổi sáng,Sửa chữa hệ thống treo,,Đặt trước
,Ưu tiên làm buổi sáng,Sửa chữa hệ thống treo,,Bình thường
,Ưu tiên làm buổi sáng,Sửa chữa hệ thống treo,Gói bảo dưỡng Vàng,Khẩn cấp
,Ưu tiên làm buổi sáng,Sửa chữa hệ thống treo,Một lần,Khẩn cấp
,Ưu tiên làm buổi sáng,Sửa chữa hệ thống treo,Một lần,Bình thường
,Không có phàn nàn,Thay bình ắc quy,,Bình thường
,Không có phàn nàn,Thay bình ắc quy,Gói bảo dưỡng Vàng,Khẩn cấp
,Không có phàn nàn,Thay bình ắc quy,Một lần,Bình thường
,Không có phàn nàn,Bảo dưỡng phanh,,Khẩn cấp
,Không có phàn nàn,Bảo dưỡng phanh,Gói bảo dưỡng Vàng,Khẩn cấp
,Không có phàn nàn,Bảo dưỡng phanh,Gói Vàng,Bình thường
,Không có phàn nàn,Bảo dưỡng phanh,Một lần,Khẩn cấp
,Không có phàn nàn,Sửa chữa động cơ,,Đặt trước
,Không có phàn nàn,Sửa chữa động cơ,Gói bảo dưỡng Vàng,Khẩn cấp
,Không có phàn nàn,Sửa chữa động cơ,Một lần,Khẩn cấp
,Không có phàn nàn,Sửa chữa động cơ,Một lần,Bình thường
,Không có phàn nàn,Thay dầu,,Đặt trước
,Không có phàn nàn,Thay dầu,Gói bảo dưỡng Vàng,Bình thường
,Không có phàn nàn,Thay dầu,Một lần,Đặt trước
,Không có phàn nàn,Thay dầu,Gói Vàng,Khẩn cấp
,Không có phàn nàn,Thay dầu,Gói Vàng,Bình thường
,Không có phàn nàn,Thay dầu,Một lần,Bình thường
,Không có phàn nàn,Sửa chữa hệ thống treo,,Bình thường
,Không có phàn nàn,Sửa chữa hệ thống treo,Một lần,Bình thường
,Không có phàn nàn,Sửa chữa hệ thống treo,Một lần,Bình thường
,Không có phàn nàn,Sửa chữa hệ thống treo,Gói Vàng,Khẩn cấp
,Không có phàn nàn,Sửa chữa hệ thống treo,Một lần,Khẩn cấp
,Không có phàn nàn,Sửa chữa hệ thống treo,Một lần,Bình thường
Lỗi phanh,,Thay bình ắc quy,Gói bảo dưỡng Vàng,Khẩn cấp
Lỗi phanh,,Thay bình ắc quy,Một lần,Khẩn cấp
Lỗi phanh,,Thay bình ắc quy,Gói Vàng,Đặt trước
Lỗi phanh,,Bảo dưỡng phanh,Gói bảo dưỡng Vàng,Khẩn cấp
Lỗi phanh,,Bảo dưỡng phanh,Gói bảo dưỡng Vàng,Bình thường
Lỗi phanh,,Bảo dưỡng phanh,Một lần,Khẩn cấp
Lỗi phanh,,Bảo dưỡng phanh,Một lần,Khẩn cấp
Lỗi phanh,,Bảo dưỡng phanh,Gói Vàng,Bình thường
Lỗi phanh,,Bảo dưỡng phanh,Một lần,Đặt trước
Lỗi phanh,,Sửa chữa động cơ,Gói bảo dưỡng Vàng,Khẩn cấp
Lỗi phanh,,Sửa chữa động cơ,Gói bảo dưỡng Vàng,Bình thường
Lỗi phanh,,Sửa chữa động cơ,Một lần,Bình thường
Lỗi phanh,,Sửa chữa động cơ,Gói Vàng,Khẩn cấp
Lỗi phanh,,Sửa chữa động cơ,Một lần,Khẩn cấp
Lỗi phanh,,Sửa chữa động cơ,Một lần,Bình thường
Lỗi phanh,,Thay dầu,,Đặt trước
Lỗi phanh,,Thay dầu,,Khẩn cấp
Lỗi phanh,,Thay dầu,,Bình thường
Lỗi phanh,,Thay dầu,Gói bảo dưỡng Vàng,Đặt trước
Lỗi phanh,,Thay dầu,Một lần,Đặt trước
Lỗi phanh,,Thay dầu,Gói Vàng,Khẩn cấp
Lỗi phanh,,Thay dầu,Một lần,Đặt trước
Lỗi phanh,,Thay dầu,Một lần,Khẩn cấp
Lỗi phanh,,Thay dầu,Một lần,Khẩn cấp
Lỗi phanh,,Thay dầu,Một lần,Bình thường
Lỗi phanh,,Sửa chữa hệ thống treo,,Khẩn cấp
Lỗi phanh,,Sửa chữa hệ thống treo,,Bình thường
Lỗi phanh,,Sửa chữa hệ thống treo,Một lần,Khẩn cấp
Lỗi phanh,,Sửa chữa hệ thống treo,Một lần,Bình thường
Lỗi phanh,,Sửa chữa hệ thống treo,Một lần,Khẩn cấp
Lỗi phanh,,Sửa chữa hệ thống treo,Một lần,Bình thường
Lỗi phanh,,Sửa chữa hệ thống treo,Một lần,Bình thường
Lỗi phanh,Hay đến muộn,Thay bình ắc quy,,Khẩn cấp
Lỗi phanh,Hay đến muộn,Thay bình ắc quy,Gói bảo dưỡng Vàng,Bình thường
Lỗi phanh,Hay đến muộn,Thay bình ắc quy,Một lần,Khẩn cấp
Lỗi phanh,Hay đến muộn,Bảo dưỡng phanh,,Khẩn cấp
Lỗi phanh,Hay đến muộn,Bảo dưỡng phanh,Gói bảo dưỡng Vàng,Bình thường
Lỗi phanh,Hay đến muộn,Bảo dưỡng phanh,Một lần,Bình thường
Lỗi phanh,Hay đến muộn,Sửa chữa động cơ,Gói Vàng,Khẩn cấp
Lỗi phanh,Hay đến muộn,Thay dầu,Một lần,Khẩn cấp
Lỗi phanh,Hay đến muộn,Sửa chữa hệ thống treo,,Đặt trước
Lỗi phanh,Hay đến muộn,Sửa chữa hệ thống treo,,Khẩn cấp
Lỗi phanh,Hay đến muộn,Sửa chữa hệ thống treo,Một lần,Bình thường
Lỗi phanh,Hay đến muộn,Sửa chữa hệ thống treo,Gói Vàng,Khẩn cấp
Lỗi phanh,Hay đến muộn,Sửa chữa hệ thống treo,Gói Vàng,Bình thường
Lỗi phanh,Hay đến muộn,Sửa chữa hệ thống treo,Một lần,Bình thường
Lỗi phanh,Ưu tiên làm buổi sáng,Thay bình ắc quy,,Đặt trước
Lỗi phanh,Ưu tiên làm buổi sáng,Thay bình ắc quy,Gói bảo dưỡng Vàng,Khẩn cấp
Lỗi phanh,Ưu tiên làm buổi sáng,Thay bình ắc quy,Một lần,Bình thường
Lỗi phanh,Ưu tiên làm buổi sáng,Thay bình ắc quy,Một lần,Đặt trước
Lỗi phanh,Ưu tiên làm buổi sáng,Thay bình ắc quy,Một lần,Bình thường
Lỗi phanh,Ưu tiên làm buổi sáng,Bảo dưỡng phanh,,Khẩn cấp
Lỗi phanh,Ưu tiên làm buổi sáng,Sửa chữa động cơ,Gói bảo dưỡng Vàng,Khẩn cấp
Lỗi phanh,Ưu tiên làm buổi sáng,Sửa chữa động cơ,Gói bảo dưỡng Vàng,Bình thường
Lỗi phanh,Ưu tiên làm buổi sáng,Sửa chữa động cơ,Gói Vàng,Bình thường
Lỗi phanh,Ưu tiên làm buổi sáng,Sửa chữa động cơ,Một lần,Đặt trước
Lỗi phanh,Ưu tiên làm buổi sáng,Thay dầu,Một lần,Bình thường
Lỗi phanh,Ưu tiên làm buổi sáng,Sửa chữa hệ thống treo,Một lần,Bình thường
Lỗi phanh,Ưu tiên làm buổi sáng,Sửa chữa hệ thống treo,Gói Vàng,Khẩn cấp
Lỗi phanh,Ưu tiên làm buổi sáng,Sửa chữa hệ thống treo,Gói Vàng,Khẩn cấp
Lỗi phanh,Không có phàn nàn,Thay bình ắc quy,,Bình thường
Lỗi phanh,Không có phàn nàn,Bảo dưỡng phanh,Gói Vàng,Khẩn cấp
Lỗi phanh,Không có phàn nàn,Bảo dưỡng phanh,Gói Vàng,Bình thường
Lỗi phanh,Không có phàn nàn,Bảo dưỡng phanh,Một lần,Bình thường
Lỗi phanh,Không có phàn nàn,Sửa chữa động cơ,,Khẩn cấp
Lỗi phanh,Không có phàn nàn,Sửa chữa động cơ,Gói bảo dưỡng Vàng,Khẩn cấp
Lỗi phanh,Không có phàn nàn,Sửa chữa động cơ,Một lần,Khẩn cấp
Lỗi phanh,Không có phàn nàn,Sửa chữa động cơ,Một lần,Khẩn cấp
Lỗi phanh,Không có phàn nàn,Sửa chữa động cơ,Một lần,Bình thường
Lỗi phanh,Không có phàn nàn,Sửa chữa động cơ,Một lần,Bình thường
Lỗi phanh,Không có phàn nàn,Thay dầu,,Bình thường
Lỗi phanh,Không có phàn nàn,Thay dầu,Một lần,Khẩn cấp
Lỗi phanh,Không có phàn nàn,Thay dầu,Một lần,Bình thường
Lỗi phanh,Không có phàn nàn,Sửa chữa hệ thống treo,,Khẩn cấp
Lỗi phanh,Không có phàn nàn,Sửa chữa hệ thống treo,Gói Vàng,Khẩn cấp
Động cơ có tiếng gõ,,Thay bình ắc quy,,Đặt trước
Động cơ có tiếng gõ,,Thay bình ắc quy,Gói bảo dưỡng Vàng,Khẩn cấp
Động cơ có tiếng gõ,,Thay bình ắc quy,Gói bảo dưỡng Vàng,Bình thường
Động cơ có tiếng gõ,,Bảo dưỡng phanh,Gói bảo dưỡng Vàng,Khẩn cấp
Động cơ có tiếng gõ,,Bảo dưỡng phanh,Một lần,Đặt trước
Động cơ có tiếng gõ,,Bảo dưỡng phanh,Gói Vàng,Khẩn cấp
Động cơ có tiếng gõ,,Bảo dưỡng phanh,Gói Vàng,Bình thường
Động cơ có tiếng gõ,,Bảo dưỡng phanh,Gói Vàng,Bình thường
Động cơ có tiếng gõ,,Sửa chữa động cơ,Một lần,Đặt trước
Động cơ có tiếng gõ,,Sửa chữa động cơ,Gói Vàng,Bình thường
Động cơ có tiếng gõ,,Sửa chữa động cơ,Một lần,Đặt trước
Động cơ có tiếng gõ,,Sửa chữa động cơ,Một lần,Khẩn cấp
Động cơ có tiếng gõ,,Thay dầu,,Bình thường
Động cơ có tiếng gõ,,Thay dầu,,Bình thường
Động cơ có tiếng gõ,,Thay dầu,Một lần,Đặt trước
Động cơ có tiếng gõ,,Thay dầu,Gói Vàng,Đặt trước
Động cơ có tiếng gõ,,Sửa chữa hệ thống treo,,Đặt trước
Động cơ có tiếng gõ,,Sửa chữa hệ thống treo,,Khẩn cấp
Động cơ có tiếng gõ,,Sửa chữa hệ thống treo,Gói bảo dưỡng Vàng,Đặt trước
Động cơ có tiếng gõ,,Sửa chữa hệ thống treo,Gói bảo dưỡng Vàng,Khẩn cấp
Động cơ có tiếng gõ,,Sửa chữa hệ thống treo,Một lần,Khẩn cấp
Động cơ có tiếng gõ,,Sửa chữa hệ thống treo,Một lần,Khẩn cấp
Động cơ có tiếng gõ,,Sửa chữa hệ thống treo,Một lần,Bình thường
Động cơ có tiếng gõ,Hay đến muộn,Thay bình ắc quy,,Khẩn cấp
Động cơ có tiếng gõ,Hay đến muộn,Thay bình ắc quy,Gói bảo dưỡng Vàng,Đặt trước
Động cơ có tiếng gõ,Hay đến muộn,Thay bình ắc quy,Gói Vàng,Đặt trước
Động cơ có tiếng gõ,Hay đến muộn,Thay bình ắc quy,Gói Vàng,Khẩn cấp
Động cơ có tiếng gõ,Hay đến muộn,Thay bình ắc quy,Gói Vàng,Khẩn cấp
Động cơ có tiếng gõ,Hay đến muộn,Thay bình ắc quy,Gói Vàng,Bình thường
Động cơ có tiếng gõ,Hay đến muộn,Thay bình ắc quy,Một lần,Bình thường
Động cơ có tiếng gõ,Hay đến muộn,Bảo dưỡng phanh,Gói Vàng,Bình thường
Động cơ có tiếng gõ,Hay đến muộn,Bảo dưỡng phanh,Một lần,Khẩn cấp
Động cơ có tiếng gõ,Hay đến muộn,Sửa chữa động cơ,,Bình thường
Động cơ có tiếng gõ,Hay đến muộn,Sửa chữa động cơ,Gói Vàng,Khẩn cấp
Động cơ có tiếng gõ,Hay đến muộn,Thay dầu,Gói bảo dưỡng Vàng,Bình thường
Động cơ có tiếng gõ,Hay đến muộn,Sửa chữa hệ thống treo,,Đặt trước
Động cơ có tiếng gõ,Hay đến muộn,Sửa chữa hệ thống treo,Một lần,Khẩn cấp
Động cơ có tiếng gõ,Ưu tiên làm buổi sáng,Thay bình ắc quy,Gói bảo dưỡng Vàng,Đặt trước
Động cơ có tiếng gõ,Ưu tiên làm buổi sáng,Bảo dưỡng phanh,,Khẩn cấp
Động cơ có tiếng gõ,Ưu tiên làm buổi sáng,Sửa chữa động cơ,Gói bảo dưỡng Vàng,Bình thường
Động cơ có tiếng gõ,Ưu tiên làm buổi sáng,Sửa chữa động cơ,Gói Vàng,Bình thường
Động cơ có tiếng gõ,Ưu tiên làm buổi sáng,Sửa chữa động cơ,Một lần,Bình thường
Động cơ có tiếng gõ,Ưu tiên làm buổi sáng,Thay dầu,Gói bảo dưỡng Vàng,Đặt trước
Động cơ có tiếng gõ,Ưu tiên làm buổi sáng,Thay dầu,Một lần,Bình thường
Động cơ có tiếng gõ,Ưu tiên làm buổi sáng,Thay dầu,Gói Vàng,Bình thường
Động cơ có tiếng gõ,Ưu tiên làm buổi sáng,Sửa chữa hệ thống treo,,Khẩn cấp
Động cơ có tiếng gõ,Ưu tiên làm buổi sáng,Sửa chữa hệ thống treo,Gói bảo dưỡng Vàng,Bình thường
Động cơ có tiếng gõ,Ưu tiên làm buổi sáng,Sửa chữa hệ thống treo,Gói bảo dưỡng Vàng,Bình thường
Động cơ có tiếng gõ,Ưu tiên làm buổi sáng,Sửa chữa hệ thống treo,Gói Vàng,Bình thường
Động cơ có tiếng gõ,Ưu tiên làm buổi sáng,Sửa chữa hệ thống treo,Một lần,Đặt trước
Động cơ có tiếng gõ,Không có phàn nàn,Thay bình ắc quy,Gói bảo dưỡng Vàng,Bình thường
Động cơ có tiếng gõ,Không có phàn nàn,Thay bình ắc quy,Gói Vàng,Khẩn cấp
Động cơ có tiếng gõ,Không có phàn nàn,Thay bình ắc quy,Một lần,Bình thường
Động cơ có tiếng gõ,Không có phàn nàn,Bảo dưỡng phanh,,Đặt trước
Động cơ có tiếng gõ,Không có phàn nàn,Bảo dưỡng phanh,Một lần,Bình thường
Động cơ có tiếng gõ,Không có phàn nàn,Bảo dưỡng phanh,Gói Vàng,Đặt trước
Động cơ có tiếng gõ,Không có phàn nàn,Bảo dưỡng phanh,Gói Vàng,Bình thường
Động cơ có tiếng gõ,Không có phàn nàn,Sửa chữa động cơ,Gói Vàng,Khẩn cấp
Động cơ có tiếng gõ,Không có phàn nàn,Sửa chữa động cơ,Một lần,Bình thường
Động cơ có tiếng gõ,Không có phàn nàn,Sửa chữa hệ thống treo,,Bình thường
Động cơ có tiếng gõ,Không có phàn nàn,Sửa chữa hệ thống treo,Gói bảo dưỡng Vàng,Đặt trước
Động cơ có tiếng gõ,Không có phàn nàn,Sửa chữa hệ thống treo,Gói Vàng,Đặt trước
Động cơ có tiếng gõ,,Thay bình ắc quy,,Khẩn cấp
Động cơ có tiếng gõ,,Thay bình ắc quy,,Khẩn cấp
Động cơ có tiếng gõ,,Thay bình ắc quy,Gói bảo dưỡng Vàng,Khẩn cấp
Động cơ có tiếng gõ,,Thay bình ắc quy,Một lần,Bình thường
Động cơ có tiếng gõ,,Bảo dưỡng phanh,,Bình thường
Động cơ có tiếng gõ,,Bảo dưỡng phanh,Gói bảo dưỡng Vàng,Bình thường
Động cơ có tiếng gõ,,Bảo dưỡng phanh,Một lần,Đặt trước
Động cơ có tiếng gõ,,Bảo dưỡng phanh,Gói Vàng,Khẩn cấp
Động cơ có tiếng gõ,,Bảo dưỡng phanh,Một lần,Bình thường
Động cơ có tiếng gõ,,Sửa chữa động cơ,Gói Vàng,Đặt trước
Động cơ có tiếng gõ,,Sửa chữa động cơ,Gói Vàng,Bình thường
Động cơ có tiếng gõ,,Sửa chữa động cơ,Một lần,Bình thường
Động cơ có tiếng gõ,,Thay dầu,,Khẩn cấp
Động cơ có tiếng gõ,,Thay dầu,,Bình thường
Động cơ có tiếng gõ,,Thay dầu,Gói bảo dưỡng Vàng,Đặt trước
Động cơ có tiếng gõ,,Thay dầu,Một lần,Đặt trước
Động cơ có tiếng gõ,,Thay dầu,Một lần,Khẩn cấp
Động cơ có tiếng gõ,,Sửa chữa hệ thống treo,,Khẩn cấp
Động cơ có tiếng gõ,,Sửa chữa hệ thống treo,Gói bảo dưỡng Vàng,Khẩn cấp
Động cơ có tiếng gõ,,Sửa chữa hệ thống treo,Một lần,Bình thường
Động cơ có tiếng gõ,,Sửa chữa hệ thống treo,Gói Vàng,Khẩn cấp
Động cơ có tiếng gõ,,Sửa chữa hệ thống treo,Gói Vàng,Khẩn cấp
Động cơ có tiếng gõ,Hay đến muộn,Thay bình ắc quy,,Khẩn cấp
Động cơ có tiếng gõ,Hay đến muộn,Thay bình ắc quy,Gói bảo dưỡng Vàng,Đặt trước
Động cơ có tiếng gõ,Hay đến muộn,Thay bình ắc quy,Gói Vàng,Đặt trước
Động cơ có tiếng gõ,Hay đến muộn,Thay bình ắc quy,Một lần,Khẩn cấp
Động cơ có tiếng gõ,Hay đến muộn,Thay bình ắc quy,Một lần,Khẩn cấp
Động cơ có tiếng gõ,Hay đến muộn,Thay bình ắc quy,Một lần,Bình thường
Động cơ có tiếng gõ,Hay đến muộn,Bảo dưỡng phanh,Một lần,Đặt trước
Động cơ có tiếng gõ,Hay đến muộn,Bảo dưỡng phanh,Gói Vàng,Bình thường
Động cơ có tiếng gõ,Hay đến muộn,Bảo dưỡng phanh,Một lần,Khẩn cấp
Động cơ có tiếng gõ,Hay đến muộn,Sửa chữa động cơ,Gói bảo dưỡng Vàng,Bình thường
Động cơ có tiếng gõ,Hay đến muộn,Sửa chữa động cơ,Một lần,Bình thường
Động cơ có tiếng gõ,Hay đến muộn,Sửa chữa động cơ,Một lần,Bình thường
Động cơ có tiếng gõ,Hay đến muộn,Sửa chữa động cơ,Một lần,Bình thường
Động cơ có tiếng gõ,Hay đến muộn,Thay dầu,,Đặt trước
Động cơ có tiếng gõ,Hay đến muộn,Thay dầu,,Khẩn cấp
Động cơ có tiếng gõ,Hay đến muộn,Thay dầu,,Bình thường
Động cơ có tiếng gõ,Hay đến muộn,Thay dầu,,Bình thường
Động cơ có tiếng gõ,Hay đến muộn,Sửa chữa hệ thống treo,Gói bảo dưỡng Vàng,Đặt trước
Động cơ có tiếng gõ,Hay đến muộn,Sửa chữa hệ thống treo,Một lần,Bình thường
Động cơ có tiếng gõ,Ưu tiên làm buổi sáng,Thay bình ắc quy,,Khẩn cấp
Động cơ có tiếng gõ,Ưu tiên làm buổi sáng,Sửa chữa động cơ,Một lần,Đặt trước
Động cơ có tiếng gõ,Ưu tiên làm buổi sáng,Sửa chữa động cơ,Gói Vàng,Khẩn cấp
Động cơ có tiếng gõ,Ưu tiên làm buổi sáng,Sửa chữa hệ thống treo,,Đặt trước
Động cơ có tiếng gõ,Ưu tiên làm buổi sáng,Sửa chữa hệ thống treo,Một lần,Bình thường
Động cơ có tiếng gõ,Không có phàn nàn,Bảo dưỡng phanh,,Khẩn cấp
Động cơ có tiếng gõ,Không có phàn nàn,Bảo dưỡng phanh,,Bình thường
Động cơ có tiếng gõ,Không có phàn nàn,Sửa chữa động cơ,Gói bảo dưỡng Vàng,Đặt trước
Động cơ có tiếng gõ,Không có phàn nàn,Sửa chữa động cơ,Một lần,Đặt trước
Động cơ có tiếng gõ,Không có phàn nàn,Sửa chữa động cơ,Gói Vàng,Khẩn cấp
Động cơ có tiếng gõ,Không có phàn nàn,Thay dầu,Một lần,Bình thường
Động cơ có tiếng gõ,Không có phàn nàn,Sửa chữa hệ thống treo,,Bình thường
Động cơ có tiếng gõ,Không có phàn nàn,Sửa chữa hệ thống treo,Gói bảo dưỡng Vàng,Bình thường
Động cơ có tiếng gõ,Không có phàn nàn,Sửa chữa hệ thống treo,Một lần,Khẩn cấp
Thay dầu,,Thay bình ắc quy,,Đặt trước
Thay dầu,,Thay bình ắc quy,Gói bảo dưỡng Vàng,Khẩn cấp
Thay dầu,,Thay bình ắc quy,Một lần,Đặt trước
Thay dầu,,Thay bình ắc quy,Một lần,Bình thường
Thay dầu,,Thay bình ắc quy,Gói Vàng,Khẩn cấp
Thay dầu,,Thay bình ắc quy,Gói Vàng,Khẩn cấp
Thay dầu,,Bảo dưỡng phanh,,Khẩn cấp
Thay dầu,,Bảo dưỡng phanh,,Bình thường
Thay dầu,,Bảo dưỡng phanh,Gói bảo dưỡng Vàng,Đặt trước
Thay dầu,,Bảo dưỡng phanh,Một lần,Đặt trước
Thay dầu,,Bảo dưỡng phanh,Một lần,Khẩn cấp
Thay dầu,,Bảo dưỡng phanh,Một lần,Bình thường
Thay dầu,,Sửa chữa động cơ,,Khẩn cấp
Thay dầu,,Sửa chữa động cơ,Một lần,Đặt trước
Thay dầu,,Sửa chữa động cơ,Gói Vàng,Đặt trước
Thay dầu,,Sửa chữa động cơ,Gói Vàng,Khẩn cấp
Thay dầu,,Sửa chữa động cơ,Một lần,Đặt trước
Thay dầu,,Thay dầu,Gói bảo dưỡng Vàng,Khẩn cấp
Thay dầu,,Thay dầu,Gói bảo dưỡng Vàng,Khẩn cấp
Thay dầu,,Thay dầu,Gói bảo dưỡng Vàng,Bình thường
Thay dầu,,Thay dầu,Một lần,Bình thường
Thay dầu,,Thay dầu,Một lần,Khẩn cấp
Thay dầu,,Sửa chữa hệ thống treo,,Đặt trước
Thay dầu,,Sửa chữa hệ thống treo,,Bình thường
Thay dầu,,Sửa chữa hệ thống treo,Gói bảo dưỡng Vàng,Khẩn cấp
Thay dầu,,Sửa chữa hệ thống treo,Một lần,Khẩn cấp
Thay dầu,,Sửa chữa hệ thống treo,Một lần,Bình thường
Thay dầu,Hay đến muộn,Thay bình ắc quy,Gói Vàng,Khẩn cấp
Thay dầu,Hay đến muộn,Bảo dưỡng phanh,Gói Vàng,Bình thường
Thay dầu,Hay đến muộn,Sửa chữa động cơ,,Đặt trước
Thay dầu,Hay đến muộn,Sửa chữa động cơ,Một lần,Bình thường
Thay dầu,Hay đến muộn,Thay dầu,,Khẩn cấp
Thay dầu,Hay đến muộn,Sửa chữa hệ thống treo,Gói bảo dưỡng Vàng,Bình thường
Thay dầu,Hay đến muộn,Sửa chữa hệ thống treo,Gói bảo dưỡng Vàng,Bình thường
Thay dầu,Ưu tiên làm buổi sáng,Thay bình ắc quy,Gói Vàng,Bình thường
Thay dầu,Ưu tiên làm buổi sáng,Bảo dưỡng phanh,Gói Vàng,Khẩn cấp
Thay dầu,Ưu tiên làm buổi sáng,Bảo dưỡng phanh,Gói Vàng,Bình thường
Thay dầu,Ưu tiên làm buổi sáng,Sửa chữa động cơ,Gói bảo dưỡng Vàng,Khẩn cấp
Thay dầu,Ưu tiên làm buổi sáng,Sửa chữa động cơ,Gói bảo dưỡng Vàng,Khẩn cấp
Thay dầu,Ưu tiên làm buổi sáng,Sửa chữa động cơ,Một lần,Đặt trước
Thay dầu,Ưu tiên làm buổi sáng,Sửa chữa động cơ,Một lần,Khẩn cấp
Thay dầu,Ưu tiên làm buổi sáng,Sửa chữa động cơ,Một lần,Khẩn cấp
Thay dầu,Ưu tiên làm buổi sáng,Sửa chữa động cơ,Một lần,Bình thường
Thay dầu,Ưu tiên làm buổi sáng,Thay dầu,,Bình thường
Thay dầu,Ưu tiên làm buổi sáng,Thay dầu,Gói bảo dưỡng Vàng,Đặt trước
Thay dầu,Ưu tiên làm buổi sáng,Thay dầu,Gói bảo dưỡng Vàng,Bình thường
Thay dầu,Ưu tiên làm buổi sáng,Thay dầu,Một lần,Khẩn cấp
Thay dầu,Ưu tiên làm buổi sáng,Sửa chữa hệ thống treo,,Đặt trước
Thay dầu,Ưu tiên làm buổi sáng,Sửa chữa hệ thống treo,Gói Vàng,Bình thường
Thay dầu,Không có phàn nàn,Thay bình ắc quy,Gói Vàng,Bình thường
Thay dầu,Không có phàn nàn,Thay bình ắc quy,Một lần,Đặt trước
Thay dầu,Không có phàn nàn,Bảo dưỡng phanh,Gói Vàng,Khẩn cấp
Thay dầu,Không có phàn nàn,Bảo dưỡng phanh,Gói Vàng,Khẩn cấp
Thay dầu,Không có phàn nàn,Bảo dưỡng phanh,Một lần,Bình thường
Thay dầu,Không có phàn nàn,Sửa chữa động cơ,Gói bảo dưỡng Vàng,Khẩn cấp
Thay dầu,Không có phàn nàn,Sửa chữa động cơ,Gói bảo dưỡng Vàng,Bình thường
Thay dầu,Không có phàn nàn,Thay dầu,Gói bảo dưỡng Vàng,Khẩn cấp
Thay dầu,Không có phàn nàn,Thay dầu,Gói bảo dưỡng Vàng,Khẩn cấp
Thay dầu,Không có phàn nàn,Thay dầu,Một lần,Bình thường
Thay dầu,Không có phàn nàn,Thay dầu,Một lần,Khẩn cấp
Thay dầu,Không có phàn nàn,Sửa chữa hệ thống treo,Gói Vàng,Khẩn cấp
Thay dầu,,Thay bình ắc quy,Gói Vàng,Khẩn cấp
Thay dầu,,Thay bình ắc quy,Gói Vàng,Khẩn cấp
Thay dầu,,Bảo dưỡng phanh,,Đặt trước
Thay dầu,,Bảo dưỡng phanh,,Khẩn cấp
Thay dầu,,Bảo dưỡng phanh,Gói bảo dưỡng Vàng,Đặt trước
Thay dầu,,Bảo dưỡng phanh,Gói bảo dưỡng Vàng,Bình thường
Thay dầu,,Bảo dưỡng phanh,Gói bảo dưỡng Vàng,Bình thường
Thay dầu,,Bảo dưỡng phanh,Một lần,Đặt trước
Thay dầu,,Bảo dưỡng phanh,Gói Vàng,Khẩn cấp
Thay dầu,,Bảo dưỡng phanh,Một lần,Đặt trước
Thay dầu,,Sửa chữa động cơ,Gói bảo dưỡng Vàng,Khẩn cấp
Thay dầu,,Sửa chữa động cơ,Một lần,Khẩn cấp
Thay dầu,,Sửa chữa động cơ,Một lần,Đặt trước
Thay dầu,,Thay dầu,Gói bảo dưỡng Vàng,Khẩn cấp
Thay dầu,,Thay dầu,Gói bảo dưỡng Vàng,Bình thường
Thay dầu,,Thay dầu,Gói Vàng,Khẩn cấp
Thay dầu,,Thay dầu,Một lần,Đặt trước
Thay dầu,,Thay dầu,Một lần,Khẩn cấp
Thay dầu,,Thay dầu,Một lần,Bình thường
Thay dầu,,Sửa chữa hệ thống treo,,Đặt trước
Thay dầu,,Sửa chữa hệ thống treo,,Bình thường
Thay dầu,,Sửa chữa hệ thống treo,Gói bảo dưỡng Vàng,Bình thường
Thay dầu,,Sửa chữa hệ thống treo,Một lần,Đặt trước
Thay dầu,Hay đến muộn,Thay bình ắc quy,,Khẩn cấp
Thay dầu,Hay đến muộn,Thay bình ắc quy,,Bình thường
Thay dầu,Hay đến muộn,Thay bình ắc quy,Gói Vàng,Khẩn cấp
Thay dầu,Hay đến muộn,Thay bình ắc quy,Một lần,Bình thường
Thay dầu,Hay đến muộn,Bảo dưỡng phanh,Gói bảo dưỡng Vàng,Đặt trước
Thay dầu,Hay đến muộn,Sửa chữa động cơ,Gói bảo dưỡng Vàng,Khẩn cấp
Thay dầu,Hay đến muộn,Sửa chữa động cơ,Một lần,Đặt trước
Thay dầu,Hay đến muộn,Sửa chữa hệ thống treo,Gói bảo dưỡng Vàng,Đặt trước
Thay dầu,Hay đến muộn,Sửa chữa hệ thống treo,Gói bảo dưỡng Vàng,Khẩn cấp
Thay dầu,Hay đến muộn,Sửa chữa hệ thống treo,Một lần,Khẩn cấp
Thay dầu,Ưu tiên làm buổi sáng,Thay bình ắc quy,Gói Vàng,Khẩn cấp
Thay dầu,Ưu tiên làm buổi sáng,Thay bình ắc quy,Gói Vàng,Bình thường
Thay dầu,Ưu tiên làm buổi sáng,Thay bình ắc quy,Gói Vàng,Bình thường
Thay dầu,Ưu tiên làm buổi sáng,Bảo dưỡng phanh,,Đặt trước
Thay dầu,Ưu tiên làm buổi sáng,Bảo dưỡng phanh,,Khẩn cấp
Thay dầu,Ưu tiên làm buổi sáng,Bảo dưỡng phanh,Một lần,Khẩn cấp
Thay dầu,Ưu tiên làm buổi sáng,Sửa chữa động cơ,Gói bảo dưỡng Vàng,Bình thường
Thay dầu,Ưu tiên làm buổi sáng,Sửa chữa động cơ,Gói Vàng,Bình thường
Thay dầu,Ưu tiên làm buổi sáng,Thay dầu,,Bình thường
Thay dầu,Ưu tiên làm buổi sáng,Thay dầu,Gói bảo dưỡng Vàng,Đặt trước
Thay dầu,Ưu tiên làm buổi sáng,Thay dầu,Gói Vàng,Khẩn cấp
Thay dầu,Ưu tiên làm buổi sáng,Thay dầu,Một lần,Đặt trước
Thay dầu,Ưu tiên làm buổi sáng,Sửa chữa hệ thống treo,,Đặt trước
Thay dầu,Ưu tiên làm buổi sáng,Sửa chữa hệ thống treo,Gói bảo dưỡng Vàng,Khẩn cấp
Thay dầu,Ưu tiên làm buổi sáng,Sửa chữa hệ thống treo,Gói bảo dưỡng Vàng,Bình thường
Thay dầu,Ưu tiên làm buổi sáng,Sửa chữa hệ thống treo,Một lần,Khẩn cấp
Thay dầu,Ưu tiên làm buổi sáng,Sửa chữa hệ thống treo,Gói Vàng,Bình thường
Thay dầu,Không có phàn nàn,Thay bình ắc quy,Gói bảo dưỡng Vàng,Khẩn cấp
Thay dầu,Không có phàn nàn,Thay bình ắc quy,Một lần,Bình thường
Thay dầu,Không có phàn nàn,Thay bình ắc quy,Một lần,Khẩn cấp
Thay dầu,Không có phàn nàn,Bảo dưỡng phanh,Một lần,Đặt trước
Thay dầu,Không có phàn nàn,Bảo dưỡng phanh,Một lần,Khẩn cấp
Thay dầu,Không có phàn nàn,Bảo dưỡng phanh,Một lần,Bình thường
Thay dầu,Không có phàn nàn,Bảo dưỡng phanh,Một lần,Bình thường
Thay dầu,Không có phàn nàn,Sửa chữa động cơ,Gói Vàng,Khẩn cấp
Thay dầu,Không có phàn nàn,Sửa chữa động cơ,Gói Vàng,Bình thường
Thay dầu,Không có phàn nàn,Sửa chữa động cơ,Gói Vàng,Bình thường
Thay dầu,Không có phàn nàn,Sửa chữa động cơ,Một lần,Khẩn cấp
Thay dầu,Không có phàn nàn,Sửa chữa động cơ,Một lần,Bình thường
Thay dầu,Không có phàn nàn,Thay dầu,,Đặt trước
Thay dầu,Không có phàn nàn,Thay dầu,Gói bảo dưỡng Vàng,Đặt trước
Thay dầu,Không có phàn nàn,Thay dầu,Một lần,Khẩn cấp
Thay dầu,Không có phàn nàn,Sửa chữa hệ thống treo,,Đặt trước
Thay dầu,Không có phàn nàn,Sửa chữa hệ thống treo,Gói Vàng,Đặt trước
Thay dầu,Không có phàn nàn,Sửa chữa hệ thống treo,Một lần,Bình thường
Kêu hệ thống treo,,Thay bình ắc quy,Gói Vàng,Đặt trước
Kêu hệ thống treo,,Thay bình ắc quy,Gói Vàng,Khẩn cấp
Kêu hệ thống treo,,Thay bình ắc quy,Gói Vàng,Bình thường
Kêu hệ thống treo,,Thay bình ắc quy,Một lần,Bình thường
Kêu hệ thống treo,,Bảo dưỡng phanh,,Đặt trước
Kêu hệ thống treo,,Bảo dưỡng phanh,,Khẩn cấp
Kêu hệ thống treo,,Bảo dưỡng phanh,,Khẩn cấp
Kêu hệ thống treo,,Bảo dưỡng phanh,Gói bảo dưỡng Vàng,Bình thường
Kêu hệ thống treo,,Bảo dưỡng phanh,Gói Vàng,Đặt trước
Kêu hệ thống treo,,Bảo dưỡng phanh,Một lần,Khẩn cấp
Kêu hệ thống treo,,Bảo dưỡng phanh,Một lần,Bình thường
Kêu hệ thống treo,,Sửa chữa động cơ,,Khẩn cấp
Kêu hệ thống treo,,Sửa chữa động cơ,Gói bảo dưỡng Vàng,Đặt trước
Kêu hệ thống treo,,Sửa chữa động cơ,Gói bảo dưỡng Vàng,Khẩn cấp
Kêu hệ thống treo,,Sửa chữa động cơ,Một lần,Đặt trước
Kêu hệ thống treo,,Sửa chữa động cơ,Gói Vàng,Đặt trước
Kêu hệ thống treo,,Sửa chữa động cơ,Gói Vàng,Bình thường
Kêu hệ thống treo,,Sửa chữa động cơ,Một lần,Khẩn cấp
Kêu hệ thống treo,,Thay dầu,,Bình thường
Kêu hệ thống treo,,Thay dầu,Gói bảo dưỡng Vàng,Khẩn cấp
Kêu hệ thống treo,,Sửa chữa hệ thống treo,,Khẩn cấp
Kêu hệ thống treo,,Sửa chữa hệ thống treo,,Khẩn cấp
Kêu hệ thống treo,,Sửa chữa hệ thống treo,Gói bảo dưỡng Vàng,Khẩn cấp
Kêu hệ thống treo,,Sửa chữa hệ thống treo,Gói Vàng,Đặt trước
Kêu hệ thống treo,,Sửa chữa hệ thống treo,Gói Vàng,Khẩn cấp
Kêu hệ thống treo,,Sửa chữa hệ thống treo,Gói Vàng,Bình thường
Kêu hệ thống treo,,Sửa chữa hệ thống treo,Một lần,Bình thường
Kêu hệ thống treo,Hay đến muộn,Thay bình ắc quy,,Đặt trước
Kêu hệ thống treo,Hay đến muộn,Thay bình ắc quy,Gói bảo dưỡng Vàng,Đặt trước
Kêu hệ thống treo,Hay đến muộn,Thay bình ắc quy,Gói Vàng,Khẩn cấp
Kêu hệ thống treo,Hay đến muộn,Thay bình ắc quy,Gói Vàng,Bình thường
Kêu hệ thống treo,Hay đến muộn,Thay bình ắc quy,Một lần,Khẩn cấp
Kêu hệ thống treo,Hay đến muộn,Bảo dưỡng phanh,,Bình thường
Kêu hệ thống treo,Hay đến muộn,Bảo dưỡng phanh,Gói bảo dưỡng Vàng,Khẩn cấp
Kêu hệ thống treo,Hay đến muộn,Bảo dưỡng phanh,Gói Vàng,Đặt trước
Kêu hệ thống treo,Hay đến muộn,Bảo dưỡng phanh,Gói Vàng,Khẩn cấp
Kêu hệ thống treo,Hay đến muộn,Bảo dưỡng phanh,Gói Vàng,Khẩn cấp
Kêu hệ thống treo,Hay đến muộn,Bảo dưỡng phanh,Gói Vàng,Bình thường
Kêu hệ thống treo,Hay đến muộn,Bảo dưỡng phanh,Một lần,Khẩn cấp
Kêu hệ thống treo,Hay đến muộn,Sửa chữa động cơ,,Khẩn cấp
Kêu hệ thống treo,Hay đến muộn,Sửa chữa động cơ,Một lần,Bình thường
Kêu hệ thống treo,Hay đến muộn,Sửa chữa động cơ,Gói Vàng,Đặt trước
Kêu hệ thống treo,Hay đến muộn,Sửa chữa động cơ,Gói Vàng,Khẩn cấp
Kêu hệ thống treo,Hay đến muộn,Sửa chữa động cơ,Một lần,Khẩn cấp
Kêu hệ thống treo,Hay đến muộn,Thay dầu,,Đặt trước
Kêu hệ thống treo,Hay đến muộn,Thay dầu,,Bình thường
Kêu hệ thống treo,Hay đến muộn,Thay dầu,Một lần,Bình thường
Kêu hệ thống treo,Hay đến muộn,Sửa chữa hệ thống treo,Gói Vàng,Khẩn cấp
Kêu hệ thống treo,Ưu tiên làm buổi sáng,Thay bình ắc quy,Gói bảo dưỡng Vàng,Đặt trước
Kêu hệ thống treo,Ưu tiên làm buổi sáng,Thay bình ắc quy,Gói bảo dưỡng Vàng,Bình thường
Kêu hệ thống treo,Ưu tiên làm buổi sáng,Thay bình ắc quy,Một lần,Khẩn cấp
Kêu hệ thống treo,Ưu tiên làm buổi sáng,Thay bình ắc quy,Gói Vàng,Khẩn cấp
Kêu hệ thống treo,Ưu tiên làm buổi sáng,Bảo dưỡng phanh,,Khẩn cấp
Kêu hệ thống treo,Ưu tiên làm buổi sáng,Bảo dưỡng phanh,Gói bảo dưỡng Vàng,Khẩn cấp
Kêu hệ thống treo,Ưu tiên làm buổi sáng,Bảo dưỡng phanh,Gói bảo dưỡng Vàng,Khẩn cấp
Kêu hệ thống treo,Ưu tiên làm buổi sáng,Bảo dưỡng phanh,Gói bảo dưỡng Vàng,Bình thường
Kêu hệ thống treo,Ưu tiên làm buổi sáng,Bảo dưỡng phanh,Một lần,Bình thường
Kêu hệ thống treo,Ưu tiên làm buổi sáng,Bảo dưỡng phanh,Một lần,Bình thường
Kêu hệ thống treo,Ưu tiên làm buổi sáng,Thay dầu,,Đặt trước
Kêu hệ thống treo,Ưu tiên làm buổi sáng,Thay dầu,,Khẩn cấp
Kêu hệ thống treo,Ưu tiên làm buổi sáng,Thay dầu,,Bình thường
Kêu hệ thống treo,Ưu tiên làm buổi sáng,Thay dầu,Gói bảo dưỡng Vàng,Khẩn cấp
Kêu hệ thống treo,Ưu tiên làm buổi sáng,Thay dầu,Gói Vàng,Khẩn cấp
Kêu hệ thống treo,Ưu tiên làm buổi sáng,Sửa chữa hệ thống treo,Gói bảo dưỡng Vàng,Bình thường
Kêu hệ thống treo,Ưu tiên làm buổi sáng,Sửa chữa hệ thống treo,Gói Vàng,Khẩn cấp
Kêu hệ thống treo,Ưu tiên làm buổi sáng,Sửa chữa hệ thống treo,Một lần,Khẩn cấp
Kêu hệ thống treo,Không có phàn nàn,Thay bình ắc quy,Gói bảo dưỡng Vàng,Bình thường
Kêu hệ thống treo,Không có phàn nàn,Thay bình ắc quy,Gói Vàng,Khẩn cấp
Kêu hệ thống treo,Không có phàn nàn,Bảo dưỡng phanh,,Bình thường
Kêu hệ thống treo,Không có phàn nàn,Bảo dưỡng phanh,Gói bảo dưỡng Vàng,Khẩn cấp
Kêu hệ thống treo,Không có phàn nàn,Bảo dưỡng phanh,Một lần,Đặt trước
Kêu hệ thống treo,Không có phàn nàn,Bảo dưỡng phanh,Gói Vàng,Bình thường
Kêu hệ thống treo,Không có phàn nàn,Bảo dưỡng phanh,Một lần,Khẩn cấp
Kêu hệ thống treo,Không có phàn nàn,Sửa chữa động cơ,Gói bảo dưỡng Vàng,Đặt trước
Kêu hệ thống treo,Không có phàn nàn,Sửa chữa động cơ,Gói Vàng,Khẩn cấp
Kêu hệ thống treo,Không có phàn nàn,Thay dầu,Một lần,Đặt trước
Kêu hệ thống treo,Không có phàn nàn,Thay dầu,Một lần,Đặt trước
Kêu hệ thống treo,Không có phàn nàn,Sửa chữa hệ thống treo,Một lần,Khẩn cấp
Kêu hệ thống treo,Không có phàn nàn,Sửa chữa hệ thống treo,Một lần,Khẩn cấp
Suspensn Noise,,Thay bình ắc quy,,Đặt trước
Suspensn Noise,,Thay bình ắc quy,Gói bảo dưỡng Vàng,Khẩn cấp
Suspensn Noise,,Thay bình ắc quy,Một lần,Khẩn cấp
Suspensn Noise,,Thay bình ắc quy,Một lần,Bình thường
Suspensn Noise,,Thay bình ắc quy,Gói Vàng,Đặt trước
Suspensn Noise,,Thay bình ắc quy,Gói Vàng,Khẩn cấp
Suspensn Noise,,Thay bình ắc quy,Gói Vàng,Bình thường
Suspensn Noise,,Thay bình ắc quy,Một lần,Đặt trước
Suspensn Noise,,Thay bình ắc quy,Một lần,Khẩn cấp
Suspensn Noise,,Thay bình ắc quy,Một lần,Bình thường
Suspensn Noise,,Bảo dưỡng phanh,,Khẩn cấp
Suspensn Noise,,Bảo dưỡng phanh,Gói bảo dưỡng Vàng,Bình thường
Suspensn Noise,,Bảo dưỡng phanh,Gói Vàng,Đặt trước
Suspensn Noise,,Bảo dưỡng phanh,Một lần,Khẩn cấp
Suspensn Noise,,Bảo dưỡng phanh,Một lần,Bình thường
Suspensn Noise,,Sửa chữa động cơ,Gói bảo dưỡng Vàng,Khẩn cấp
Suspensn Noise,,Sửa chữa động cơ,Gói Vàng,Khẩn cấp
Suspensn Noise,,Sửa chữa động cơ,Gói Vàng,Bình thường
Suspensn Noise,,Sửa chữa động cơ,Một lần,Đặt trước
Suspensn Noise,,Sửa chữa động cơ,Một lần,Khẩn cấp
Suspensn Noise,,Thay dầu,,Bình thường
Suspensn Noise,,Thay dầu,Gói bảo dưỡng Vàng,Đặt trước
Suspensn Noise,,Thay dầu,Gói bảo dưỡng Vàng,Khẩn cấp
Suspensn Noise,,Thay dầu,Một lần,Khẩn cấp
Suspensn Noise,,Thay dầu,Một lần,Khẩn cấp
Suspensn Noise,,Thay dầu,Gói Vàng,Khẩn cấp
Suspensn Noise,,Sửa chữa hệ thống treo,,Đặt trước
Suspensn Noise,,Sửa chữa hệ thống treo,,Khẩn cấp
Suspensn Noise,,Sửa chữa hệ thống treo,,Khẩn cấp
Suspensn Noise,,Sửa chữa hệ thống treo,,Bình thường
Suspensn Noise,,Sửa chữa hệ thống treo,Gói bảo dưỡng Vàng,Bình thường
Suspensn Noise,,Sửa chữa hệ thống treo,Gói Vàng,Khẩn cấp
Suspensn Noise,,Sửa chữa hệ thống treo,Gói Vàng,Bình thường
Suspensn Noise,,Sửa chữa hệ thống treo,Một lần,Đặt trước
Suspensn Noise,,Sửa chữa hệ thống treo,Một lần,Khẩn cấp
Suspensn Noise,Hay đến muộn,Thay bình ắc quy,,Khẩn cấp
Suspensn Noise,Hay đến muộn,Thay bình ắc quy,Gói bảo dưỡng Vàng,Khẩn cấp
Suspensn Noise,Hay đến muộn,Thay bình ắc quy,Gói bảo dưỡng Vàng,Bình thường
Suspensn Noise,Hay đến muộn,Bảo dưỡng phanh,Gói bảo dưỡng Vàng,Đặt trước
Suspensn Noise,Hay đến muộn,Bảo dưỡng phanh,Một lần,Khẩn cấp
Suspensn Noise,Hay đến muộn,Bảo dưỡng phanh,Một lần,Khẩn cấp
Suspensn Noise,Hay đến muộn,Bảo dưỡng phanh,Một lần,Bình thường
Suspensn Noise,Hay đến muộn,Sửa chữa động cơ,Một lần,Khẩn cấp
Suspensn Noise,Hay đến muộn,Thay dầu,,Khẩn cấp
Suspensn Noise,Hay đến muộn,Thay dầu,Gói bảo dưỡng Vàng,Khẩn cấp
Suspensn Noise,Hay đến muộn,Sửa chữa hệ thống treo,,Đặt trước
Suspensn Noise,Hay đến muộn,Sửa chữa hệ thống treo,Một lần,Bình thường
Suspensn Noise,Ưu tiên làm buổi sáng,Thay bình ắc quy,Gói bảo dưỡng Vàng,Bình thường
Suspensn Noise,Ưu tiên làm buổi sáng,Thay bình ắc quy,Một lần,Đặt trước
Suspensn Noise,Ưu tiên làm buổi sáng,Thay bình ắc quy,Một lần,Khẩn cấp
Suspensn Noise,Ưu tiên làm buổi sáng,Bảo dưỡng phanh,Gói bảo dưỡng Vàng,Khẩn cấp
Suspensn Noise,Ưu tiên làm buổi sáng,Bảo dưỡng phanh,Gói bảo dưỡng Vàng,Bình thường
Suspensn Noise,Ưu tiên làm buổi sáng,Bảo dưỡng phanh,Một lần,Khẩn cấp
Suspensn Noise,Ưu tiên làm buổi sáng,Sửa chữa động cơ,Một lần,Đặt trước
Suspensn Noise,Ưu tiên làm buổi sáng,Sửa chữa động cơ,Một lần,Khẩn cấp
Suspensn Noise,Ưu tiên làm buổi sáng,Thay dầu,Gói bảo dưỡng Vàng,Đặt trước
Suspensn Noise,Ưu tiên làm buổi sáng,Thay dầu,Một lần,Bình thường
Suspensn Noise,Ưu tiên làm buổi sáng,Thay dầu,Gói Vàng,Khẩn cấp
Suspensn Noise,Ưu tiên làm buổi sáng,Sửa chữa hệ thống treo,Gói bảo dưỡng Vàng,Khẩn cấp
Suspensn Noise,Không có phàn nàn,Thay bình ắc quy,,Khẩn cấp
Suspensn Noise,Không có phàn nàn,Thay bình ắc quy,Gói bảo dưỡng Vàng,Bình thường
Suspensn Noise,Không có phàn nàn,Thay bình ắc quy,Một lần,Bình thường
Suspensn Noise,Không có phàn nàn,Thay bình ắc quy,Một lần,Đặt trước
Suspensn Noise,Không có phàn nàn,Sửa chữa động cơ,Một lần,Bình thường
Suspensn Noise,Không có phàn nàn,Sửa chữa động cơ,Gói Vàng,Khẩn cấp
Suspensn Noise,Không có phàn nàn,Sửa chữa động cơ,Gói Vàng,Bình thường
Suspensn Noise,Không có phàn nàn,Sửa chữa động cơ,Một lần,Khẩn cấp
Suspensn Noise,Không có phàn nàn,Sửa chữa hệ thống treo,Gói bảo dưỡng Vàng,Khẩn cấp
Suspensn Noise,Không có phàn nàn,Sửa chữa hệ thống treo,Gói bảo dưỡng Vàng,Bình thường
Suspensn Noise,Không có phàn nàn,Sửa chữa hệ thống treo,Một lần,Bình thường
Suspensn Noise,Không có phàn nàn,Sửa chữa hệ thống treo,Gói Vàng,Khẩn cấp
Suspensn Noise,Không có phàn nàn,Sửa chữa hệ thống treo,Gói Vàng,Bình thường
Suspensn Noise,Không có phàn nàn,Sửa chữa hệ thống treo,Một lần,Bình thường
Suspensn Noise,Không có phàn nàn,Sửa chữa hệ thống treo,Một lần,Bình thường
Lỗi phanh,,Thay bình ắc quy,,Đặt trước
Lỗi phanh,,Thay bình ắc quy,,Khẩn cấp
Lỗi phanh,,Thay bình ắc quy,Gói bảo dưỡng Vàng,Đặt trước
Lỗi phanh,,Thay bình ắc quy,Một lần,Bình thường
Lỗi phanh,,Thay bình ắc quy,Gói Vàng,Khẩn cấp
Lỗi phanh,,Thay bình ắc quy,Một lần,Khẩn cấp
Lỗi phanh,,Bảo dưỡng phanh,,Bình thường
Lỗi phanh,,Bảo dưỡng phanh,Gói bảo dưỡng Vàng,Đặt trước
Lỗi phanh,,Bảo dưỡng phanh,Một lần,Đặt trước
Lỗi phanh,,Bảo dưỡng phanh,Một lần,Khẩn cấp
Lỗi phanh,,Sửa chữa động cơ,,Bình thường
Lỗi phanh,,Sửa chữa động cơ,Gói bảo dưỡng Vàng,Khẩn cấp
Lỗi phanh,,Sửa chữa động cơ,Gói bảo dưỡng Vàng,Bình thường
Lỗi phanh,,Sửa chữa động cơ,Một lần,Bình thường
Lỗi phanh,,Sửa chữa động cơ,Một lần,Bình thường
Lỗi phanh,,Sửa chữa động cơ,Gói Vàng,Bình thường
Lỗi phanh,,Sửa chữa động cơ,Một lần,Bình thường
Lỗi phanh,,Sửa chữa động cơ,Một lần,Bình thường
Lỗi phanh,,Thay dầu,Gói bảo dưỡng Vàng,Khẩn cấp
Lỗi phanh,,Thay dầu,Gói bảo dưỡng Vàng,Bình thường
Lỗi phanh,,Thay dầu,Gói bảo dưỡng Vàng,Bình thường
Lỗi phanh,,Thay dầu,Gói Vàng,Đặt trước
Lỗi phanh,,Thay dầu,Gói Vàng,Bình thường
Lỗi phanh,,Thay dầu,Một lần,Đặt trước
Lỗi phanh,,Thay dầu,Một lần,Bình thường
Lỗi phanh,,Sửa chữa hệ thống treo,,Bình thường
Lỗi phanh,,Sửa chữa hệ thống treo,Một lần,Bình thường
Lỗi phanh,,Sửa chữa hệ thống treo,Gói Vàng,Đặt trước
Lỗi phanh,,Sửa chữa hệ thống treo,Gói Vàng,Khẩn cấp
Lỗi phanh,,Sửa chữa hệ thống treo,Một lần,Đặt trước
Lỗi phanh,Hay đến muộn,Thay bình ắc quy,,Khẩn cấp
Lỗi phanh,Hay đến muộn,Thay bình ắc quy,,Khẩn cấp
Lỗi phanh,Hay đến muộn,Thay bình ắc quy,,Bình thường
Lỗi phanh,Hay đến muộn,Thay bình ắc quy,Gói bảo dưỡng Vàng,Bình thường
Lỗi phanh,Hay đến muộn,Thay bình ắc quy,Một lần,Đặt trước
Lỗi phanh,Hay đến muộn,Thay bình ắc quy,Một lần,Bình thường
Lỗi phanh,Hay đến muộn,Thay bình ắc quy,Gói Vàng,Khẩn cấp
Lỗi phanh,Hay đến muộn,Thay bình ắc quy,Một lần,Bình thường
Lỗi phanh,Hay đến muộn,Thay bình ắc quy,Một lần,Bình thường
Lỗi phanh,Hay đến muộn,Bảo dưỡng phanh,,Khẩn cấp
Lỗi phanh,Hay đến muộn,Bảo dưỡng phanh,,Bình thường
Lỗi phanh,Hay đến muộn,Bảo dưỡng phanh,Một lần,Khẩn cấp
Lỗi phanh,Hay đến muộn,Sửa chữa động cơ,,Khẩn cấp
Lỗi phanh,Hay đến muộn,Sửa chữa động cơ,Gói bảo dưỡng Vàng,Bình thường
Lỗi phanh,Hay đến muộn,Sửa chữa động cơ,Một lần,Khẩn cấp
Lỗi phanh,Hay đến muộn,Thay dầu,,Bình thường
Lỗi phanh,Hay đến muộn,Thay dầu,Gói bảo dưỡng Vàng,Bình thường
Lỗi phanh,Hay đến muộn,Thay dầu,Gói Vàng,Khẩn cấp
Lỗi phanh,Hay đến muộn,Sửa chữa hệ thống treo,Gói bảo dưỡng Vàng,Khẩn cấp
Lỗi phanh,Hay đến muộn,Sửa chữa hệ thống treo,Một lần,Đặt trước
Lỗi phanh,Ưu tiên làm buổi sáng,Thay bình ắc quy,Một lần,Bình thường
Lỗi phanh,Ưu tiên làm buổi sáng,Thay bình ắc quy,Gói Vàng,Đặt trước
Lỗi phanh,Ưu tiên làm buổi sáng,Bảo dưỡng phanh,,Bình thường
Lỗi phanh,Ưu tiên làm buổi sáng,Bảo dưỡng phanh,Gói bảo dưỡng Vàng,Bình thường
Lỗi phanh,Ưu tiên làm buổi sáng,Bảo dưỡng phanh,Một lần,Đặt trước
Lỗi phanh,Ưu tiên làm buổi sáng,Bảo dưỡng phanh,Gói Vàng,Bình thường
Lỗi phanh,Ưu tiên làm buổi sáng,Sửa chữa động cơ,Một lần,Bình thường
Lỗi phanh,Ưu tiên làm buổi sáng,Sửa chữa động cơ,Một lần,Bình thường
Lỗi phanh,Ưu tiên làm buổi sáng,Thay dầu,Một lần,Bình thường
Lỗi phanh,Ưu tiên làm buổi sáng,Thay dầu,Gói Vàng,Khẩn cấp
Lỗi phanh,Ưu tiên làm buổi sáng,Thay dầu,Một lần,Khẩn cấp
Lỗi phanh,Ưu tiên làm buổi sáng,Sửa chữa hệ thống treo,,Đặt trước
Lỗi phanh,Ưu tiên làm buổi sáng,Sửa chữa hệ thống treo,,Khẩn cấp
Lỗi phanh,Ưu tiên làm buổi sáng,Sửa chữa hệ thống treo,Một lần,Đặt trước
Lỗi phanh,Không có phàn nàn,Thay bình ắc quy,Gói bảo dưỡng Vàng,Bình thường
Lỗi phanh,Không có phàn nàn,Bảo dưỡng phanh,Một lần,Bình thường
Lỗi phanh,Không có phàn nàn,Bảo dưỡng phanh,Gói Vàng,Khẩn cấp
Lỗi phanh,Không có phàn nàn,Sửa chữa động cơ,Một lần,Bình thường
Lỗi phanh,Không có phàn nàn,Sửa chữa động cơ,Gói Vàng,Khẩn cấp
Lỗi phanh,Không có phàn nàn,Sửa chữa động cơ,Một lần,Bình thường
Lỗi phanh,Không có phàn nàn,Thay dầu,Gói bảo dưỡng Vàng,Khẩn cấp
Lỗi phanh,Không có phàn nàn,Thay dầu,Gói Vàng,Bình thường
Lỗi phanh,Không có phàn nàn,Sửa chữa hệ thống treo,,Đặt trước
Lỗi phanh,Không có phàn nàn,Sửa chữa hệ thống treo,,Bình thường
Lỗi phanh,Không có phàn nàn,Sửa chữa hệ thống treo,Một lần,Bình thường
Lỗi phanh,Không có phàn nàn,Sửa chữa hệ thống treo,Một lần,Bình thường
brake faliure,,Thay bình ắc quy,,Khẩn cấp
brake faliure,,Thay bình ắc quy,Gói bảo dưỡng Vàng,Khẩn cấp
brake faliure,,Thay bình ắc quy,Gói bảo dưỡng Vàng,Khẩn cấp
brake faliure,,Thay bình ắc quy,Một lần,Khẩn cấp
brake faliure,,Thay bình ắc quy,Gói Vàng,Đặt trước
brake faliure,,Thay bình ắc quy,Gói Vàng,Bình thường
brake faliure,,Thay bình ắc quy,Một lần,Bình thường
brake faliure,,Bảo dưỡng phanh,,Đặt trước
brake faliure,,Bảo dưỡng phanh,Gói Vàng,Đặt trước
brake faliure,,Bảo dưỡng phanh,Gói Vàng,Khẩn cấp
brake faliure,,Bảo dưỡng phanh,Gói Vàng,Bình thường
brake faliure,,Bảo dưỡng phanh,Một lần,Đặt trước
brake faliure,,Bảo dưỡng phanh,Một lần,Khẩn cấp
brake faliure,,Sửa chữa động cơ,,Khẩn cấp
brake faliure,,Sửa chữa động cơ,Gói bảo dưỡng Vàng,Bình thường
brake faliure,,Sửa chữa động cơ,Một lần,Đặt trước
brake faliure,,Sửa chữa động cơ,Một lần,Bình thường
brake faliure,,Sửa chữa động cơ,Gói Vàng,Bình thường
brake faliure,,Sửa chữa động cơ,Gói Vàng,Bình thường
brake faliure,,Sửa chữa động cơ,Một lần,Bình thường
brake faliure,,Thay dầu,,Đặt trước
brake faliure,,Thay dầu,Gói bảo dưỡng Vàng,Bình thường
brake faliure,,Thay dầu,Một lần,Bình thường
brake faliure,,Thay dầu,Gói Vàng,Khẩn cấp
brake faliure,,Thay dầu,Một lần,Đặt trước
brake faliure,,Thay dầu,Một lần,Khẩn cấp
brake faliure,,Thay dầu,Một lần,Bình thường
brake faliure,,Sửa chữa hệ thống treo,Một lần,Bình thường
brake faliure,,Sửa chữa hệ thống treo,Gói Vàng,Khẩn cấp
brake faliure,,Sửa chữa hệ thống treo,Gói Vàng,Bình thường
brake faliure,,Sửa chữa hệ thống treo,Một lần,Khẩn cấp
brake faliure,Hay đến muộn,Thay bình ắc quy,Một lần,Đặt trước
brake faliure,Hay đến muộn,Bảo dưỡng phanh,Gói bảo dưỡng Vàng,Bình thường
brake faliure,Hay đến muộn,Bảo dưỡng phanh,Một lần,Bình thường
brake faliure,Hay đến muộn,Bảo dưỡng phanh,Gói Vàng,Bình thường
brake faliure,Hay đến muộn,Bảo dưỡng phanh,Một lần,Khẩn cấp
brake faliure,Hay đến muộn,Sửa chữa động cơ,Một lần,Đặt trước
brake faliure,Hay đến muộn,Sửa chữa động cơ,Một lần,Bình thường
brake faliure,Hay đến muộn,Thay dầu,Gói Vàng,Đặt trước
brake faliure,Hay đến muộn,Thay dầu,Gói Vàng,Khẩn cấp
brake faliure,Hay đến muộn,Thay dầu,Một lần,Khẩn cấp
brake faliure,Hay đến muộn,Thay dầu,Một lần,Bình thường
brake faliure,Hay đến muộn,Sửa chữa hệ thống treo,,Đặt trước
brake faliure,Hay đến muộn,Sửa chữa hệ thống treo,,Bình thường
brake faliure,Hay đến muộn,Sửa chữa hệ thống treo,Gói bảo dưỡng Vàng,Bình thường
brake faliure,Ưu tiên làm buổi sáng,Thay bình ắc quy,,Đặt trước
brake faliure,Ưu tiên làm buổi sáng,Thay bình ắc quy,,Khẩn cấp
brake faliure,Ưu tiên làm buổi sáng,Bảo dưỡng phanh,Gói bảo dưỡng Vàng,Bình thường
brake faliure,Ưu tiên làm buổi sáng,Bảo dưỡng phanh,Gói Vàng,Khẩn cấp
brake faliure,Ưu tiên làm buổi sáng,Bảo dưỡng phanh,Gói Vàng,Bình thường
brake faliure,Ưu tiên làm buổi sáng,Sửa chữa động cơ,Gói bảo dưỡng Vàng,Đặt trước
brake faliure,Ưu tiên làm buổi sáng,Sửa chữa động cơ,Gói bảo dưỡng Vàng,Khẩn cấp
brake faliure,Ưu tiên làm buổi sáng,Sửa chữa động cơ,Một lần,Bình thường
brake faliure,Ưu tiên làm buổi sáng,Thay dầu,Gói bảo dưỡng Vàng,Đặt trước
brake faliure,Ưu tiên làm buổi sáng,Sửa chữa hệ thống treo,,Bình thường
brake faliure,Ưu tiên làm buổi sáng,Sửa chữa hệ thống treo,Một lần,Bình thường
brake faliure,Ưu tiên làm buổi sáng,Sửa chữa hệ thống treo,Gói Vàng,Đặt trước
brake faliure,Không có phàn nàn,Thay bình ắc quy,,Bình thường
brake faliure,Không có phàn nàn,Bảo dưỡng phanh,,Bình thường
brake faliure,Không có phàn nàn,Sửa chữa động cơ,,Đặt trước
brake faliure,Không có phàn nàn,Sửa chữa động cơ,Gói bảo dưỡng Vàng,Bình thường
brake faliure,Không có phàn nàn,Thay dầu,,Đặt trước
brake faliure,Không có phàn nàn,Thay dầu,Gói Vàng,Khẩn cấp
brake faliure,Không có phàn nàn,Sửa chữa hệ thống treo,Gói bảo dưỡng Vàng,Khẩn cấp
brake faliure,Không có phàn nàn,Sửa chữa hệ thống treo,Một lần,Khẩn cấp
brake faliure,Không có phàn nàn,Sửa chữa hệ thống treo,Gói Vàng,Đặt trước
brake faliure,Không có phàn nàn,Sửa chữa hệ thống treo,Gói Vàng,Bình thường
brake faliure,Không có phàn nàn,Sửa chữa hệ thống treo,Một lần,Bình thường
Động cơ có tiếng gõ,,Thay bình ắc quy,Gói bảo dưỡng Vàng,Khẩn cấp
Động cơ có tiếng gõ,,Thay bình ắc quy,Gói Vàng,Bình thường
Động cơ có tiếng gõ,,Thay bình ắc quy,Một lần,Khẩn cấp
Động cơ có tiếng gõ,,Thay bình ắc quy,Một lần,Khẩn cấp
Động cơ có tiếng gõ,,Bảo dưỡng phanh,,Bình thường
Động cơ có tiếng gõ,,Bảo dưỡng phanh,Gói bảo dưỡng Vàng,Khẩn cấp
Động cơ có tiếng gõ,,Bảo dưỡng phanh,Gói bảo dưỡng Vàng,Bình thường
Động cơ có tiếng gõ,,Bảo dưỡng phanh,Một lần,Bình thường
Động cơ có tiếng gõ,,Bảo dưỡng phanh,Một lần,Bình thường
Động cơ có tiếng gõ,,Bảo dưỡng phanh,Gói Vàng,Bình thường
Động cơ có tiếng gõ,,Bảo dưỡng phanh,Một lần,Bình thường
Động cơ có tiếng gõ,,Sửa chữa động cơ,,Khẩn cấp
Động cơ có tiếng gõ,,Sửa chữa động cơ,,Bình thường
Động cơ có tiếng gõ,,Sửa chữa động cơ,Gói bảo dưỡng Vàng,Bình thường
Động cơ có tiếng gõ,,Sửa chữa động cơ,Gói bảo dưỡng Vàng,Bình thường
Động cơ có tiếng gõ,,Sửa chữa động cơ,Gói Vàng,Khẩn cấp
Động cơ có tiếng gõ,,Sửa chữa động cơ,Gói Vàng,Bình thường
Động cơ có tiếng gõ,,Thay dầu,Một lần,Khẩn cấp
Động cơ có tiếng gõ,,Thay dầu,Gói Vàng,Đặt trước
Động cơ có tiếng gõ,,Thay dầu,Gói Vàng,Khẩn cấp
Động cơ có tiếng gõ,,Sửa chữa hệ thống treo,Một lần,Đặt trước
Động cơ có tiếng gõ,,Sửa chữa hệ thống treo,Một lần,Bình thường
Động cơ có tiếng gõ,,Sửa chữa hệ thống treo,Gói Vàng,Bình thường
Động cơ có tiếng gõ,,Sửa chữa hệ thống treo,Gói Vàng,Bình thường
Động cơ có tiếng gõ,Hay đến muộn,Thay bình ắc quy,Một lần,Đặt trước
Động cơ có tiếng gõ,Hay đến muộn,Thay bình ắc quy,Một lần,Khẩn cấp
Động cơ có tiếng gõ,Hay đến muộn,Thay bình ắc quy,Gói Vàng,Đặt trước
Động cơ có tiếng gõ,Hay đến muộn,Bảo dưỡng phanh,,Bình thường
Động cơ có tiếng gõ,Hay đến muộn,Bảo dưỡng phanh,Một lần,Khẩn cấp
Động cơ có tiếng gõ,Hay đến muộn,Bảo dưỡng phanh,Gói Vàng,Đặt trước
Động cơ có tiếng gõ,Hay đến muộn,Sửa chữa động cơ,Gói bảo dưỡng Vàng,Bình thường
Động cơ có tiếng gõ,Hay đến muộn,Sửa chữa động cơ,Một lần,Khẩn cấp
Động cơ có tiếng gõ,Hay đến muộn,Sửa chữa động cơ,Một lần,Đặt trước
Động cơ có tiếng gõ,Hay đến muộn,Thay dầu,,Đặt trước
Động cơ có tiếng gõ,Hay đến muộn,Sửa chữa hệ thống treo,,Đặt trước
Động cơ có tiếng gõ,Hay đến muộn,Sửa chữa hệ thống treo,Gói bảo dưỡng Vàng,Khẩn cấp
Động cơ có tiếng gõ,Hay đến muộn,Sửa chữa hệ thống treo,Gói Vàng,Khẩn cấp
Động cơ có tiếng gõ,Hay đến muộn,Sửa chữa hệ thống treo,Một lần,Khẩn cấp
Động cơ có tiếng gõ,Ưu tiên làm buổi sáng,Thay bình ắc quy,,Bình thường
Động cơ có tiếng gõ,Ưu tiên làm buổi sáng,Thay bình ắc quy,Gói bảo dưỡng Vàng,Bình thường
Động cơ có tiếng gõ,Ưu tiên làm buổi sáng,Thay bình ắc quy,Gói Vàng,Bình thường
Động cơ có tiếng gõ,Ưu tiên làm buổi sáng,Bảo dưỡng phanh,,Đặt trước
Động cơ có tiếng gõ,Ưu tiên làm buổi sáng,Bảo dưỡng phanh,Gói bảo dưỡng Vàng,Bình thường
Động cơ có tiếng gõ,Ưu tiên làm buổi sáng,Bảo dưỡng phanh,Gói Vàng,Đặt trước
Động cơ có tiếng gõ,Ưu tiên làm buổi sáng,Bảo dưỡng phanh,Một lần,Khẩn cấp
Động cơ có tiếng gõ,Ưu tiên làm buổi sáng,Bảo dưỡng phanh,Một lần,Bình thường
Động cơ có tiếng gõ,Ưu tiên làm buổi sáng,Thay dầu,Gói Vàng,Bình thường
Động cơ có tiếng gõ,Ưu tiên làm buổi sáng,Sửa chữa hệ thống treo,Gói Vàng,Đặt trước
Động cơ có tiếng gõ,Ưu tiên làm buổi sáng,Sửa chữa hệ thống treo,Gói Vàng,Khẩn cấp
Động cơ có tiếng gõ,Ưu tiên làm buổi sáng,Sửa chữa hệ thống treo,Gói Vàng,Khẩn cấp
Động cơ có tiếng gõ,Ưu tiên làm buổi sáng,Sửa chữa hệ thống treo,Gói Vàng,Bình thường
Động cơ có tiếng gõ,Ưu tiên làm buổi sáng,Sửa chữa hệ thống treo,Một lần,Bình thường
Động cơ có tiếng gõ,Không có phàn nàn,Thay bình ắc quy,,Khẩn cấp
Động cơ có tiếng gõ,Không có phàn nàn,Thay bình ắc quy,Một lần,Khẩn cấp
Động cơ có tiếng gõ,Không có phàn nàn,Thay bình ắc quy,Một lần,Bình thường
Động cơ có tiếng gõ,Không có phàn nàn,Thay bình ắc quy,Gói Vàng,Bình thường
Động cơ có tiếng gõ,Không có phàn nàn,Thay bình ắc quy,Một lần,Khẩn cấp
Động cơ có tiếng gõ,Không có phàn nàn,Bảo dưỡng phanh,Gói Vàng,Đặt trước
Động cơ có tiếng gõ,Không có phàn nàn,Bảo dưỡng phanh,Gói Vàng,Khẩn cấp
Động cơ có tiếng gõ,Không có phàn nàn,Bảo dưỡng phanh,Một lần,Khẩn cấp
Động cơ có tiếng gõ,Không có phàn nàn,Sửa chữa động cơ,,Khẩn cấp
Động cơ có tiếng gõ,Không có phàn nàn,Sửa chữa động cơ,Gói Vàng,Khẩn cấp
Động cơ có tiếng gõ,Không có phàn nàn,Sửa chữa động cơ,Gói Vàng,Bình thường
Động cơ có tiếng gõ,Không có phàn nàn,Thay dầu,Gói bảo dưỡng Vàng,Đặt trước
Động cơ có tiếng gõ,Không có phàn nàn,Thay dầu,Gói bảo dưỡng Vàng,Khẩn cấp
Động cơ có tiếng gõ,Không có phàn nàn,Thay dầu,Một lần,Khẩn cấp
Động cơ có tiếng gõ,Không có phàn nàn,Thay dầu,Gói Vàng,Đặt trước
Động cơ có tiếng gõ,Không có phàn nàn,Sửa chữa hệ thống treo,,Đặt trước
Động cơ có tiếng gõ,Không có phàn nàn,Sửa chữa hệ thống treo,Một lần,Khẩn cấp
Động cơ có tiếng gõ,Không có phàn nàn,Sửa chữa hệ thống treo,Một lần,Bình thường
Thay dầu,,Thay bình ắc quy,Gói bảo dưỡng Vàng,Khẩn cấp
Thay dầu,,Thay bình ắc quy,Gói bảo dưỡng Vàng,Bình thường
Thay dầu,,Thay bình ắc quy,Gói Vàng,Khẩn cấp
Thay dầu,,Thay bình ắc quy,Gói Vàng,Bình thường
Thay dầu,,Bảo dưỡng phanh,,Khẩn cấp
Thay dầu,,Bảo dưỡng phanh,Gói Vàng,Bình thường
Thay dầu,,Bảo dưỡng phanh,Một lần,Đặt trước
Thay dầu,,Bảo dưỡng phanh,Một lần,Khẩn cấp
Thay dầu,,Bảo dưỡng phanh,Một lần,Bình thường
Thay dầu,,Sửa chữa động cơ,,Khẩn cấp
Thay dầu,,Sửa chữa động cơ,Gói bảo dưỡng Vàng,Đặt trước
Thay dầu,,Sửa chữa động cơ,Một lần,Khẩn cấp
Thay dầu,,Sửa chữa động cơ,Gói Vàng,Bình thường
Thay dầu,,Sửa chữa động cơ,Một lần,Bình thường
Thay dầu,,Thay dầu,,Đặt trước
Thay dầu,,Thay dầu,,Khẩn cấp
Thay dầu,,Sửa chữa hệ thống treo,Gói bảo dưỡng Vàng,Khẩn cấp
Thay dầu,,Sửa chữa hệ thống treo,Gói bảo dưỡng Vàng,Khẩn cấp
Thay dầu,,Sửa chữa hệ thống treo,Gói bảo dưỡng Vàng,Bình thường
Thay dầu,,Sửa chữa hệ thống treo,Một lần,Khẩn cấp
Thay dầu,,Sửa chữa hệ thống treo,Gói Vàng,Bình thường
Thay dầu,,Sửa chữa hệ thống treo,Một lần,Đặt trước
Thay dầu,,Sửa chữa hệ thống treo,Một lần,Khẩn cấp
Thay dầu,,Sửa chữa hệ thống treo,Một lần,Bình thường
Thay dầu,Hay đến muộn,Thay bình ắc quy,,Đặt trước
Thay dầu,Hay đến muộn,Thay bình ắc quy,Gói Vàng,Khẩn cấp
Thay dầu,Hay đến muộn,Thay bình ắc quy,Gói Vàng,Bình thường
Thay dầu,Hay đến muộn,Bảo dưỡng phanh,,Khẩn cấp
Thay dầu,Hay đến muộn,Bảo dưỡng phanh,Gói bảo dưỡng Vàng,Khẩn cấp
Thay dầu,Hay đến muộn,Bảo dưỡng phanh,Gói bảo dưỡng Vàng,Khẩn cấp
Thay dầu,Hay đến muộn,Bảo dưỡng phanh,Một lần,Đặt trước
Thay dầu,Hay đến muộn,Sửa chữa động cơ,Gói bảo dưỡng Vàng,Bình thường
Thay dầu,Hay đến muộn,Sửa chữa động cơ,Một lần,Khẩn cấp
Thay dầu,Hay đến muộn,Sửa chữa động cơ,Gói Vàng,Đặt trước
Thay dầu,Hay đến muộn,Thay dầu,Gói bảo dưỡng Vàng,Khẩn cấp
Thay dầu,Hay đến muộn,Thay dầu,Một lần,Khẩn cấp
Thay dầu,Hay đến muộn,Sửa chữa hệ thống treo,Gói bảo dưỡng Vàng,Bình thường
Thay dầu,Hay đến muộn,Sửa chữa hệ thống treo,Một lần,Đặt trước
Thay dầu,Ưu tiên làm buổi sáng,Bảo dưỡng phanh,,Khẩn cấp
Thay dầu,Ưu tiên làm buổi sáng,Bảo dưỡng phanh,Gói bảo dưỡng Vàng,Đặt trước
Thay dầu,Ưu tiên làm buổi sáng,Bảo dưỡng phanh,Gói bảo dưỡng Vàng,Khẩn cấp
Thay dầu,Ưu tiên làm buổi sáng,Bảo dưỡng phanh,Gói bảo dưỡng Vàng,Bình thường
Thay dầu,Ưu tiên làm buổi sáng,Sửa chữa động cơ,Một lần,Bình thường
Thay dầu,Ưu tiên làm buổi sáng,Thay dầu,Gói bảo dưỡng Vàng,Đặt trước
Thay dầu,Ưu tiên làm buổi sáng,Thay dầu,Một lần,Khẩn cấp
Thay dầu,Ưu tiên làm buổi sáng,Thay dầu,Gói Vàng,Đặt trước
Thay dầu,Ưu tiên làm buổi sáng,Thay dầu,Gói Vàng,Khẩn cấp
Thay dầu,Ưu tiên làm buổi sáng,Sửa chữa hệ thống treo,Một lần,Đặt trước
Thay dầu,Không có phàn nàn,Thay bình ắc quy,,Đặt trước
Thay dầu,Không có phàn nàn,Thay bình ắc quy,Gói bảo dưỡng Vàng,Khẩn cấp
Thay dầu,Không có phàn nàn,Thay bình ắc quy,Một lần,Khẩn cấp
Thay dầu,Không có phàn nàn,Bảo dưỡng phanh,Gói bảo dưỡng Vàng,Bình thường
Thay dầu,Không có phàn nàn,Bảo dưỡng phanh,Một lần,Bình thường
Thay dầu,Không có phàn nàn,Sửa chữa động cơ,,Khẩn cấp
Thay dầu,Không có phàn nàn,Sửa chữa động cơ,Gói bảo dưỡng Vàng,Khẩn cấp
Thay dầu,Không có phàn nàn,Sửa chữa động cơ,Gói bảo dưỡng Vàng,Bình thường
Thay dầu,Không có phàn nàn,Sửa chữa động cơ,Một lần,Khẩn cấp
Thay dầu,Không có phàn nàn,Sửa chữa động cơ,Một lần,Bình thường
Thay dầu,Không có phàn nàn,Sửa chữa động cơ,Một lần,Bình thường
Thay dầu,Không có phàn nàn,Thay dầu,Một lần,Đặt trước
Thay dầu,Không có phàn nàn,Thay dầu,Một lần,Khẩn cấp
Thay dầu,Không có phàn nàn,Sửa chữa hệ thống treo,,Đặt trước
Thay dầu,Không có phàn nàn,Sửa chữa hệ thống treo,Gói Vàng,Đặt trước
Thay dầu,Không có phàn nàn,Sửa chữa hệ thống treo,Gói Vàng,Khẩn cấp
Thay dầu,Không có phàn nàn,Sửa chữa hệ thống treo,Một lần,Khẩn cấp
Thay dầu,Không có phàn nàn,Sửa chữa hệ thống treo,Một lần,Bình thường
Kêu hệ thống treo,,Thay bình ắc quy,,Bình thường
Kêu hệ thống treo,,Thay bình ắc quy,Gói bảo dưỡng Vàng,Khẩn cấp
Kêu hệ thống treo,,Thay bình ắc quy,Gói bảo dưỡng Vàng,Bình thường
Kêu hệ thống treo,,Thay bình ắc quy,Một lần,Khẩn cấp
Kêu hệ thống treo,,Thay bình ắc quy,Một lần,Khẩn cấp
Kêu hệ thống treo,,Thay bình ắc quy,Một lần,Bình thường
Kêu hệ thống treo,,Thay bình ắc quy,Một lần,Bình thường
Kêu hệ thống treo,,Thay bình ắc quy,Gói Vàng,Bình thường
Kêu hệ thống treo,,Bảo dưỡng phanh,,Bình thường
Kêu hệ thống treo,,Bảo dưỡng phanh,,Bình thường
Kêu hệ thống treo,,Bảo dưỡng phanh,Gói Vàng,Đặt trước
Kêu hệ thống treo,,Bảo dưỡng phanh,Một lần,Khẩn cấp
Kêu hệ thống treo,,Bảo dưỡng phanh,Một lần,Bình thường
Kêu hệ thống treo,,Sửa chữa động cơ,,Bình thường
Kêu hệ thống treo,,Sửa chữa động cơ,Gói bảo dưỡng Vàng,Đặt trước
Kêu hệ thống treo,,Sửa chữa động cơ,Gói bảo dưỡng Vàng,Bình thường
Kêu hệ thống treo,,Sửa chữa động cơ,Một lần,Đặt trước
Kêu hệ thống treo,,Thay dầu,,Khẩn cấp
Kêu hệ thống treo,,Thay dầu,Một lần,Đặt trước
Kêu hệ thống treo,,Thay dầu,Gói Vàng,Khẩn cấp
Kêu hệ thống treo,,Thay dầu,Gói Vàng,Bình thường
Kêu hệ thống treo,,Thay dầu,Một lần,Bình thường
Kêu hệ thống treo,,Sửa chữa hệ thống treo,,Khẩn cấp
Kêu hệ thống treo,,Sửa chữa hệ thống treo,,Khẩn cấp
Kêu hệ thống treo,,Sửa chữa hệ thống treo,Một lần,Đặt trước
Kêu hệ thống treo,,Sửa chữa hệ thống treo,Một lần,Khẩn cấp
Kêu hệ thống treo,,Sửa chữa hệ thống treo,Một lần,Khẩn cấp
Kêu hệ thống treo,,Sửa chữa hệ thống treo,Một lần,Bình thường
Kêu hệ thống treo,Hay đến muộn,Thay bình ắc quy,Gói bảo dưỡng Vàng,Khẩn cấp
Kêu hệ thống treo,Hay đến muộn,Bảo dưỡng phanh,Gói Vàng,Khẩn cấp
Kêu hệ thống treo,Hay đến muộn,Bảo dưỡng phanh,Một lần,Đặt trước
Kêu hệ thống treo,Hay đến muộn,Sửa chữa động cơ,Một lần,Đặt trước
Kêu hệ thống treo,Hay đến muộn,Sửa chữa động cơ,Một lần,Khẩn cấp
Kêu hệ thống treo,Hay đến muộn,Sửa chữa động cơ,Gói Vàng,Khẩn cấp
Kêu hệ thống treo,Hay đến muộn,Thay dầu,Gói bảo dưỡng Vàng,Đặt trước
Kêu hệ thống treo,Hay đến muộn,Thay dầu,Gói bảo dưỡng Vàng,Bình thường
Kêu hệ thống treo,Hay đến muộn,Sửa chữa hệ thống treo,Gói bảo dưỡng Vàng,Khẩn cấp
Kêu hệ thống treo,Hay đến muộn,Sửa chữa hệ thống treo,Gói Vàng,Đặt trước
Kêu hệ thống treo,Hay đến muộn,Sửa chữa hệ thống treo,Gói Vàng,Bình thường
Kêu hệ thống treo,Hay đến muộn,Sửa chữa hệ thống treo,Một lần,Bình thường
Kêu hệ thống treo,Ưu tiên làm buổi sáng,Thay bình ắc quy,Gói bảo dưỡng Vàng,Bình thường
Kêu hệ thống treo,Ưu tiên làm buổi sáng,Thay bình ắc quy,Gói bảo dưỡng Vàng,Bình thường
Kêu hệ thống treo,Ưu tiên làm buổi sáng,Thay bình ắc quy,Gói Vàng,Bình thường
Kêu hệ thống treo,Ưu tiên làm buổi sáng,Bảo dưỡng phanh,Một lần,Bình thường
Kêu hệ thống treo,Ưu tiên làm buổi sáng,Bảo dưỡng phanh,Gói Vàng,Đặt trước
Kêu hệ thống treo,Ưu tiên làm buổi sáng,Bảo dưỡng phanh,Gói Vàng,Khẩn cấp
Kêu hệ thống treo,Ưu tiên làm buổi sáng,Bảo dưỡng phanh,Một lần,Bình thường
Kêu hệ thống treo,Ưu tiên làm buổi sáng,Sửa chữa động cơ,Gói bảo dưỡng Vàng,Đặt trước
Kêu hệ thống treo,Ưu tiên làm buổi sáng,Sửa chữa động cơ,Gói Vàng,Bình thường
Kêu hệ thống treo,Ưu tiên làm buổi sáng,Thay dầu,Gói Vàng,Đặt trước
Kêu hệ thống treo,Ưu tiên làm buổi sáng,Sửa chữa hệ thống treo,Gói bảo dưỡng Vàng,Bình thường
Kêu hệ thống treo,Không có phàn nàn,Thay bình ắc quy,,Khẩn cấp
Kêu hệ thống treo,Không có phàn nàn,Thay bình ắc quy,Gói Vàng,Đặt trước
Kêu hệ thống treo,Không có phàn nàn,Thay bình ắc quy,Một lần,Bình thường
Kêu hệ thống treo,Không có phàn nàn,Bảo dưỡng phanh,,Bình thường
Kêu hệ thống treo,Không có phàn nàn,Bảo dưỡng phanh,Gói bảo dưỡng Vàng,Khẩn cấp
Kêu hệ thống treo,Không có phàn nàn,Bảo dưỡng phanh,Gói bảo dưỡng Vàng,Bình thường
Kêu hệ thống treo,Không có phàn nàn,Bảo dưỡng phanh,Gói bảo dưỡng Vàng,Bình thường
Kêu hệ thống treo,Không có phàn nàn,Bảo dưỡng phanh,Một lần,Đặt trước
Kêu hệ thống treo,Không có phàn nàn,Bảo dưỡng phanh,Một lần,Bình thường
Kêu hệ thống treo,Không có phàn nàn,Bảo dưỡng phanh,Gói Vàng,Khẩn cấp
Kêu hệ thống treo,Không có phàn nàn,Bảo dưỡng phanh,Gói Vàng,Bình thường
Kêu hệ thống treo,Không có phàn nàn,Bảo dưỡng phanh,Một lần,Khẩn cấp
Kêu hệ thống treo,Không có phàn nàn,Sửa chữa động cơ,,Khẩn cấp
Kêu hệ thống treo,Không có phàn nàn,Sửa chữa động cơ,Một lần,Khẩn cấp
Kêu hệ thống treo,Không có phàn nàn,Sửa chữa động cơ,Một lần,Bình thường
Kêu hệ thống treo,Không có phàn nàn,Sửa chữa động cơ,Một lần,Khẩn cấp
Kêu hệ thống treo,Không có phàn nàn,Sửa chữa hệ thống treo,Gói bảo dưỡng Vàng,Khẩn cấp
Kêu hệ thống treo,Không có phàn nàn,Sửa chữa hệ thống treo,Gói Vàng,Khẩn cấp
Kêu hệ thống treo,Không có phàn nàn,Sửa chữa hệ thống treo,Một lần,Bình thường
