Phu_Tung_Thay_The,Tinh_Trang_Phu_Tung,Nguon_Cung_Cap,Chi_Phi_Phu_Tung
Lọc gió,Có sẵn,Nhà cung cấp Benz,
Lọc gió,Có sẵn,Nhà cung cấp Benz,15000
Lọc gió,Có sẵn,Nhà cung cấp Benz,20000
Lọc gió,Có sẵn,Khách hàng tự mang đến,
Lọc gió,Có sẵn,Khách hàng tự mang đến,15000
Lọc gió,Có sẵn,Khách hàng tự mang đến,25000
Lọc gió,Có sẵn,Khách hàng tự mang đến,30000
Lọc gió,Có sẵn,Khách hàng tự mang đến,40000
Lọc gió,Có sẵn,Khách hàng tự mang đến,20000
Lọc gió,Có sẵn,Nhập trực tiếp từ Benz,
Lọc gió,Có sẵn,Nhập trực tiếp từ Benz,15000
Lọc gió,Có sẵn,Nhập trực tiếp từ Benz,40000
Lọc gió,Có sẵn,Chợ Ladipo,
Lọc gió,Có sẵn,Chợ Ladipo,15000
Lọc gió,Có sẵn,Chợ Ladipo,25000
Lọc gió,Có sẵn,Chợ Ladipo,40000
Lọc gió,Có sẵn,Chợ Ladipo,20000
Lọc gió,Có sẵn,Chợ Ladipo,25000
Lọc gió,Có sẵn,Chợ Ladipo,30000
Lọc gió,Có sẵn,Chợ Ladipo,40000
Lọc gió,Đã đặt hàng,Nhà cung cấp Benz,
Lọc gió,Đã đặt hàng,Nhà cung cấp Benz,15000
Lọc gió,Đã đặt hàng,Nhà cung cấp Benz,25000
Lọc gió,Đã đặt hàng,Nhà cung cấp Benz,30000
Lọc gió,Đã đặt hàng,Nhà cung cấp Benz,40000
Lọc gió,Đã đặt hàng,Khách hàng tự mang đến,
Lọc gió,Đã đặt hàng,Khách hàng tự mang đến,15000
Lọc gió,Đã đặt hàng,Khách hàng tự mang đến,25000
Lọc gió,Đã đặt hàng,Khách hàng tự mang đến,30000
Lọc gió,Đã đặt hàng,Khách hàng tự mang đến,40000
Lọc gió,Đã đặt hàng,Nhập trực tiếp từ Benz,
Lọc gió,Đã đặt hàng,Nhập trực tiếp từ Benz,30000
Lọc gió,Đã đặt hàng,Nhập trực tiếp từ Benz,20000
Lọc gió,Đã đặt hàng,Chợ Ladipo,
Lọc gió,Đã đặt hàng,Chợ Ladipo,15000
Lọc gió,Đã đặt hàng,Chợ Ladipo,25000
Lọc gió,Đã đặt hàng,Chợ Ladipo,30000
Lọc gió,Đã đặt hàng,Chợ Ladipo,40000
Lọc gió,Đã đặt hàng,Chợ Ladipo,20000
Lọc gió,Đã đặt hàng,Chợ Ladipo,15000
Lọc gió,Đã đặt hàng,Chợ Ladipo,25000
Lọc gió,Đã đặt hàng,Chợ Ladipo,30000
Lọc gió,Đã đặt hàng,Chợ Ladipo,40000
Lọc gió,Đã đặt hàng,Chợ Ladipo,20000
Lọc gió,Không có sẵn,Nhà cung cấp Benz,
Lọc gió,Không có sẵn,Nhà cung cấp Benz,25000
Lọc gió,Không có sẵn,Nhà cung cấp Benz,30000
Lọc gió,Không có sẵn,Nhà cung cấp Benz,40000
Lọc gió,Không có sẵn,Nhà cung cấp Benz,20000
Lọc gió,Không có sẵn,Khách hàng tự mang đến,
Lọc gió,Không có sẵn,Khách hàng tự mang đến,25000
Lọc gió,Không có sẵn,Khách hàng tự mang đến,30000
Lọc gió,Không có sẵn,Khách hàng tự mang đến,40000
Lọc gió,Không có sẵn,Khách hàng tự mang đến,20000
Lọc gió,Không có sẵn,Nhập trực tiếp từ Benz,15000
Lọc gió,Không có sẵn,Nhập trực tiếp từ Benz,25000
Lọc gió,Không có sẵn,Nhập trực tiếp từ Benz,30000
Lọc gió,Không có sẵn,Chợ Ladipo,
Lọc gió,Không có sẵn,Chợ Ladipo,15000
Lọc gió,Không có sẵn,Chợ Ladipo,25000
Lọc gió,Không có sẵn,Chợ Ladipo,30000
Lọc gió,Không có sẵn,Chợ Ladipo,20000
Lọc gió,Không có sẵn,Chợ Ladipo,
Lọc gió,Không có sẵn,Chợ Ladipo,15000
Lọc gió,Không có sẵn,Chợ Ladipo,25000
Lọc gió,Không có sẵn,Chợ Ladipo,20000
Lọc gió,Có sẵn,Nhà cung cấp Benz,
Lọc gió,Có sẵn,Nhà cung cấp Benz,25000
Lọc gió,Có sẵn,Nhà cung cấp Benz,30000
Lọc gió,Có sẵn,Nhà cung cấp Benz,40000
Lọc gió,Có sẵn,Nhà cung cấp Benz,20000
Lọc gió,Có sẵn,Khách hàng tự mang đến,
Lọc gió,Có sẵn,Khách hàng tự mang đến,15000
Lọc gió,Có sẵn,Khách hàng tự mang đến,25000
Lọc gió,Có sẵn,Khách hàng tự mang đến,30000
Lọc gió,Có sẵn,Khách hàng tự mang đến,40000
Lọc gió,Có sẵn,Nhập trực tiếp từ Benz,
Lọc gió,Có sẵn,Nhập trực tiếp từ Benz,15000
Lọc gió,Có sẵn,Nhập trực tiếp từ Benz,30000
Lọc gió,Có sẵn,Nhập trực tiếp từ Benz,40000
Lọc gió,Có sẵn,Nhập trực tiếp từ Benz,20000
Lọc gió,Có sẵn,Chợ Ladipo,
Lọc gió,Có sẵn,Chợ Ladipo,15000
Lọc gió,Có sẵn,Chợ Ladipo,30000
Lọc gió,Có sẵn,Chợ Ladipo,40000
Lọc gió,Có sẵn,Chợ Ladipo,
Lọc gió,Có sẵn,Chợ Ladipo,15000
Lọc gió,Có sẵn,Chợ Ladipo,25000
Lọc gió,Có sẵn,Chợ Ladipo,30000
Lọc gió,Có sẵn,Chợ Ladipo,40000
Lọc gió,Có sẵn,Chợ Ladipo,20000
Lọc gió,Đã đặt hàng,Nhà cung cấp Benz,
Lọc gió,Đã đặt hàng,Nhà cung cấp Benz,25000
Lọc gió,Đã đặt hàng,Nhà cung cấp Benz,30000
Lọc gió,Đã đặt hàng,Khách hàng tự mang đến,15000
Lọc gió,Đã đặt hàng,Khách hàng tự mang đến,25000
Lọc gió,Đã đặt hàng,Khách hàng tự mang đến,30000
Lọc gió,Đã đặt hàng,Khách hàng tự mang đến,40000
Lọc gió,Đã đặt hàng,Khách hàng tự mang đến,20000
Lọc gió,Đã đặt hàng,Nhập trực tiếp từ Benz,
Lọc gió,Đã đặt hàng,Nhập trực tiếp từ Benz,25000
Lọc gió,Đã đặt hàng,Nhập trực tiếp từ Benz,30000
Lọc gió,Đã đặt hàng,Nhập trực tiếp từ Benz,40000
Lọc gió,Đã đặt hàng,Nhập trực tiếp từ Benz,20000
Lọc gió,Đã đặt hàng,Chợ Ladipo,15000
Lọc gió,Đã đặt hàng,Chợ Ladipo,25000
Lọc gió,Đã đặt hàng,Chợ Ladipo,30000
Lọc gió,Đã đặt hàng,Chợ Ladipo,40000
Lọc gió,Đã đặt hàng,Chợ Ladipo,15000
Lọc gió,Đã đặt hàng,Chợ Ladipo,25000
Lọc gió,Đã đặt hàng,Chợ Ladipo,30000
Lọc gió,Đã đặt hàng,Chợ Ladipo,20000
Bình ắc quy,Có sẵn,Nhà cung cấp Benz,
Bình ắc quy,Có sẵn,Nhà cung cấp Benz,25000
Bình ắc quy,Có sẵn,Nhà cung cấp Benz,30000
Bình ắc quy,Có sẵn,Nhà cung cấp Benz,20000
Bình ắc quy,Có sẵn,Khách hàng tự mang đến,
Bình ắc quy,Có sẵn,Khách hàng tự mang đến,30000
Bình ắc quy,Có sẵn,Khách hàng tự mang đến,40000
Bình ắc quy,Có sẵn,Nhập trực tiếp từ Benz,30000
Bình ắc quy,Có sẵn,Nhập trực tiếp từ Benz,40000
Bình ắc quy,Có sẵn,Nhập trực tiếp từ Benz,20000
Bình ắc quy,Có sẵn,Chợ Ladipo,15000
Bình ắc quy,Có sẵn,Chợ Ladipo,25000
Bình ắc quy,Có sẵn,Chợ Ladipo,20000
Bình ắc quy,Có sẵn,Chợ Ladipo,
Bình ắc quy,Có sẵn,Chợ Ladipo,15000
Bình ắc quy,Có sẵn,Chợ Ladipo,25000
Bình ắc quy,Có sẵn,Chợ Ladipo,40000
Bình ắc quy,Có sẵn,Chợ Ladipo,20000
Bình ắc quy,Đã đặt hàng,Nhà cung cấp Benz,
Bình ắc quy,Đã đặt hàng,Nhà cung cấp Benz,30000
Bình ắc quy,Đã đặt hàng,Nhà cung cấp Benz,40000
Bình ắc quy,Đã đặt hàng,Nhà cung cấp Benz,20000
Bình ắc quy,Đã đặt hàng,Khách hàng tự mang đến,
Bình ắc quy,Đã đặt hàng,Khách hàng tự mang đến,40000
Bình ắc quy,Đã đặt hàng,Khách hàng tự mang đến,20000
Bình ắc quy,Đã đặt hàng,Nhập trực tiếp từ Benz,
Bình ắc quy,Đã đặt hàng,Nhập trực tiếp từ Benz,15000
Bình ắc quy,Đã đặt hàng,Nhập trực tiếp từ Benz,25000
Bình ắc quy,Đã đặt hàng,Nhập trực tiếp từ Benz,40000
Bình ắc quy,Đã đặt hàng,Nhập trực tiếp từ Benz,20000
Bình ắc quy,Đã đặt hàng,Chợ Ladipo,
Bình ắc quy,Đã đặt hàng,Chợ Ladipo,25000
Bình ắc quy,Đã đặt hàng,Chợ Ladipo,40000
Bình ắc quy,Đã đặt hàng,Chợ Ladipo,20000
Bình ắc quy,Đã đặt hàng,Chợ Ladipo,
Bình ắc quy,Đã đặt hàng,Chợ Ladipo,15000
Bình ắc quy,Đã đặt hàng,Chợ Ladipo,25000
Bình ắc quy,Đã đặt hàng,Chợ Ladipo,30000
Bình ắc quy,Đã đặt hàng,Chợ Ladipo,20000
Bình ắc quy,Không có sẵn,Nhà cung cấp Benz,15000
Bình ắc quy,Không có sẵn,Nhà cung cấp Benz,25000
Bình ắc quy,Không có sẵn,Nhà cung cấp Benz,20000
Bình ắc quy,Không có sẵn,Khách hàng tự mang đến,
Bình ắc quy,Không có sẵn,Khách hàng tự mang đến,15000
Bình ắc quy,Không có sẵn,Khách hàng tự mang đến,30000
Bình ắc quy,Không có sẵn,Khách hàng tự mang đến,40000
Bình ắc quy,Không có sẵn,Nhập trực tiếp từ Benz,15000
Bình ắc quy,Không có sẵn,Nhập trực tiếp từ Benz,40000
Bình ắc quy,Không có sẵn,Nhập trực tiếp từ Benz,20000
Bình ắc quy,Không có sẵn,Chợ Ladipo,
Bình ắc quy,Không có sẵn,Chợ Ladipo,25000
Bình ắc quy,Không có sẵn,Chợ Ladipo,30000
Bình ắc quy,Không có sẵn,Chợ Ladipo,40000
Bình ắc quy,Không có sẵn,Chợ Ladipo,20000
Bình ắc quy,Không có sẵn,Chợ Ladipo,
Bình ắc quy,Không có sẵn,Chợ Ladipo,30000
Bình ắc quy,Không có sẵn,Chợ Ladipo,40000
Bình ắc quy,Không có sẵn,Chợ Ladipo,20000
Bình ắc quy,Có sẵn,Nhà cung cấp Benz,
Bình ắc quy,Có sẵn,Nhà cung cấp Benz,15000
Bình ắc quy,Có sẵn,Nhà cung cấp Benz,40000
Bình ắc quy,Có sẵn,Khách hàng tự mang đến,
Bình ắc quy,Có sẵn,Khách hàng tự mang đến,15000
Bình ắc quy,Có sẵn,Khách hàng tự mang đến,25000
Bình ắc quy,Có sẵn,Khách hàng tự mang đến,30000
Bình ắc quy,Có sẵn,Khách hàng tự mang đến,40000
Bình ắc quy,Có sẵn,Khách hàng tự mang đến,20000
Bình ắc quy,Có sẵn,Nhập trực tiếp từ Benz,
Bình ắc quy,Có sẵn,Nhập trực tiếp từ Benz,25000
Bình ắc quy,Có sẵn,Nhập trực tiếp từ Benz,30000
Bình ắc quy,Có sẵn,Nhập trực tiếp từ Benz,40000
Bình ắc quy,Có sẵn,Nhập trực tiếp từ Benz,20000
Bình ắc quy,Có sẵn,Chợ Ladipo,
Bình ắc quy,Có sẵn,Chợ Ladipo,15000
Bình ắc quy,Có sẵn,Chợ Ladipo,25000
Bình ắc quy,Có sẵn,Chợ Ladipo,20000
Bình ắc quy,Có sẵn,Chợ Ladipo,15000
Bình ắc quy,Có sẵn,Chợ Ladipo,25000
Bình ắc quy,Có sẵn,Chợ Ladipo,30000
Bình ắc quy,Đã đặt hàng,Nhà cung cấp Benz,15000
Bình ắc quy,Đã đặt hàng,Nhà cung cấp Benz,25000
Bình ắc quy,Đã đặt hàng,Nhà cung cấp Benz,40000
Bình ắc quy,Đã đặt hàng,Khách hàng tự mang đến,15000
Bình ắc quy,Đã đặt hàng,Khách hàng tự mang đến,30000
Bình ắc quy,Đã đặt hàng,Khách hàng tự mang đến,40000
Bình ắc quy,Đã đặt hàng,Khách hàng tự mang đến,20000
Bình ắc quy,Đã đặt hàng,Nhập trực tiếp từ Benz,15000
Bình ắc quy,Đã đặt hàng,Nhập trực tiếp từ Benz,25000
Bình ắc quy,Đã đặt hàng,Chợ Ladipo,
Bình ắc quy,Đã đặt hàng,Chợ Ladipo,15000
Bình ắc quy,Đã đặt hàng,Chợ Ladipo,25000
Bình ắc quy,Đã đặt hàng,Chợ Ladipo,30000
Bình ắc quy,Đã đặt hàng,Chợ Ladipo,
Bình ắc quy,Đã đặt hàng,Chợ Ladipo,15000
Bình ắc quy,Đã đặt hàng,Chợ Ladipo,30000
Bình ắc quy,Đã đặt hàng,Chợ Ladipo,40000
Không có,Có sẵn,Nhà cung cấp Benz,
Không có,Có sẵn,Nhà cung cấp Benz,15000
Không có,Có sẵn,Nhà cung cấp Benz,40000
Không có,Có sẵn,Khách hàng tự mang đến,15000
Không có,Có sẵn,Khách hàng tự mang đến,25000
Không có,Có sẵn,Khách hàng tự mang đến,30000
Không có,Có sẵn,Khách hàng tự mang đến,20000
Không có,Có sẵn,Nhập trực tiếp từ Benz,
Không có,Có sẵn,Nhập trực tiếp từ Benz,15000
Không có,Có sẵn,Nhập trực tiếp từ Benz,25000
Không có,Có sẵn,Nhập trực tiếp từ Benz,30000
Không có,Có sẵn,Nhập trực tiếp từ Benz,40000
Không có,Có sẵn,Nhập trực tiếp từ Benz,20000
Không có,Có sẵn,Chợ Ladipo,
Không có,Có sẵn,Chợ Ladipo,25000
Không có,Có sẵn,Chợ Ladipo,30000
Không có,Có sẵn,Chợ Ladipo,40000
Không có,Có sẵn,Chợ Ladipo,20000
Không có,Có sẵn,Chợ Ladipo,
Không có,Có sẵn,Chợ Ladipo,15000
Không có,Có sẵn,Chợ Ladipo,30000
Không có,Đã đặt hàng,Nhà cung cấp Benz,
Không có,Đã đặt hàng,Nhà cung cấp Benz,15000
Không có,Đã đặt hàng,Nhà cung cấp Benz,30000
Không có,Đã đặt hàng,Nhà cung cấp Benz,40000
Không có,Đã đặt hàng,Nhà cung cấp Benz,20000
Không có,Đã đặt hàng,Khách hàng tự mang đến,
Không có,Đã đặt hàng,Khách hàng tự mang đến,15000
Không có,Đã đặt hàng,Khách hàng tự mang đến,25000
Không có,Đã đặt hàng,Khách hàng tự mang đến,30000
Không có,Đã đặt hàng,Khách hàng tự mang đến,40000
Không có,Đã đặt hàng,Khách hàng tự mang đến,20000
Không có,Đã đặt hàng,Nhập trực tiếp từ Benz,
Không có,Đã đặt hàng,Nhập trực tiếp từ Benz,25000
Không có,Đã đặt hàng,Nhập trực tiếp từ Benz,30000
Không có,Đã đặt hàng,Chợ Ladipo,
Không có,Đã đặt hàng,Chợ Ladipo,15000
Không có,Đã đặt hàng,Chợ Ladipo,25000
Không có,Đã đặt hàng,Chợ Ladipo,30000
Không có,Đã đặt hàng,Chợ Ladipo,40000
Không có,Đã đặt hàng,Chợ Ladipo,20000
Không có,Đã đặt hàng,Chợ Ladipo,
Không có,Đã đặt hàng,Chợ Ladipo,25000
Không có,Đã đặt hàng,Chợ Ladipo,30000
Không có,Đã đặt hàng,Chợ Ladipo,40000
Không có,Đã đặt hàng,Chợ Ladipo,20000
Không có,Không có sẵn,Nhà cung cấp Benz,
Không có,Không có sẵn,Nhà cung cấp Benz,15000
Không có,Không có sẵn,Nhà cung cấp Benz,30000
Không có,Không có sẵn,Nhà cung cấp Benz,40000
Không có,Không có sẵn,Nhà cung cấp Benz,20000
Không có,Không có sẵn,Khách hàng tự mang đến,
Không có,Không có sẵn,Khách hàng tự mang đến,15000
Không có,Không có sẵn,Khách hàng tự mang đến,25000
Không có,Không có sẵn,Khách hàng tự mang đến,30000
Không có,Không có sẵn,Nhập trực tiếp từ Benz,
Không có,Không có sẵn,Nhập trực tiếp từ Benz,25000
Không có,Không có sẵn,Nhập trực tiếp từ Benz,30000
Không có,Không có sẵn,Nhập trực tiếp từ Benz,40000
Không có,Không có sẵn,Nhập trực tiếp từ Benz,20000
Không có,Không có sẵn,Chợ Ladipo,
Không có,Không có sẵn,Chợ Ladipo,15000
Không có,Không có sẵn,Chợ Ladipo,30000
Không có,Không có sẵn,Chợ Ladipo,15000
Không có,Không có sẵn,Chợ Ladipo,20000
Không có,Có sẵn,Nhà cung cấp Benz,15000
Không có,Có sẵn,Nhà cung cấp Benz,25000
Không có,Có sẵn,Nhà cung cấp Benz,40000
Không có,Có sẵn,Nhà cung cấp Benz,20000
Không có,Có sẵn,Khách hàng tự mang đến,
Không có,Có sẵn,Khách hàng tự mang đến,15000
Không có,Có sẵn,Khách hàng tự mang đến,30000
Không có,Có sẵn,Khách hàng tự mang đến,40000
Không có,Có sẵn,Khách hàng tự mang đến,20000
Không có,Có sẵn,Nhập trực tiếp từ Benz,25000
Không có,Có sẵn,Nhập trực tiếp từ Benz,30000
Không có,Có sẵn,Nhập trực tiếp từ Benz,20000
Không có,Có sẵn,Chợ Ladipo,15000
Không có,Có sẵn,Chợ Ladipo,25000
Không có,Có sẵn,Chợ Ladipo,40000
Không có,Có sẵn,Chợ Ladipo,20000
Không có,Có sẵn,Chợ Ladipo,
Không có,Có sẵn,Chợ Ladipo,15000
Không có,Có sẵn,Chợ Ladipo,30000
Không có,Có sẵn,Chợ Ladipo,20000
Không có,Đã đặt hàng,Nhà cung cấp Benz,15000
Không có,Đã đặt hàng,Nhà cung cấp Benz,25000
Không có,Đã đặt hàng,Nhà cung cấp Benz,30000
Không có,Đã đặt hàng,Nhà cung cấp Benz,40000
Không có,Đã đặt hàng,Nhà cung cấp Benz,20000
Không có,Đã đặt hàng,Khách hàng tự mang đến,30000
Không có,Đã đặt hàng,Khách hàng tự mang đến,40000
Không có,Đã đặt hàng,Khách hàng tự mang đến,20000
Không có,Đã đặt hàng,Nhập trực tiếp từ Benz,
Không có,Đã đặt hàng,Nhập trực tiếp từ Benz,30000
Không có,Đã đặt hàng,Nhập trực tiếp từ Benz,40000
Không có,Đã đặt hàng,Nhập trực tiếp từ Benz,20000
Không có,Đã đặt hàng,Chợ Ladipo,25000
Không có,Đã đặt hàng,Chợ Ladipo,30000
Không có,Đã đặt hàng,Chợ Ladipo,40000
Không có,Đã đặt hàng,Chợ Ladipo,
Không có,Đã đặt hàng,Chợ Ladipo,25000
Không có,Đã đặt hàng,Chợ Ladipo,30000
Không có,Đã đặt hàng,Chợ Ladipo,40000
Không có,Đã đặt hàng,Chợ Ladipo,20000
"Lọc dầu, má phanh",Có sẵn,Nhà cung cấp Benz,
"Lọc dầu, má phanh",Có sẵn,Nhà cung cấp Benz,15000
"Lọc dầu, má phanh",Có sẵn,Nhà cung cấp Benz,30000
"Lọc dầu, má phanh",Có sẵn,Nhà cung cấp Benz,40000
"Lọc dầu, má phanh",Có sẵn,Nhà cung cấp Benz,20000
"Lọc dầu, má phanh",Có sẵn,Khách hàng tự mang đến,
"Lọc dầu, má phanh",Có sẵn,Khách hàng tự mang đến,15000
"Lọc dầu, má phanh",Có sẵn,Khách hàng tự mang đến,30000
"Lọc dầu, má phanh",Có sẵn,Khách hàng tự mang đến,20000
"Lọc dầu, má phanh",Có sẵn,Nhập trực tiếp từ Benz,
"Lọc dầu, má phanh",Có sẵn,Nhập trực tiếp từ Benz,25000
"Lọc dầu, má phanh",Có sẵn,Nhập trực tiếp từ Benz,30000
"Lọc dầu, má phanh",Có sẵn,Nhập trực tiếp từ Benz,20000
"Lọc dầu, má phanh",Có sẵn,Chợ Ladipo,
"Lọc dầu, má phanh",Có sẵn,Chợ Ladipo,15000
"Lọc dầu, má phanh",Có sẵn,Chợ Ladipo,25000
"Lọc dầu, má phanh",Có sẵn,Chợ Ladipo,30000
"Lọc dầu, má phanh",Có sẵn,Chợ Ladipo,40000
"Lọc dầu, má phanh",Có sẵn,Chợ Ladipo,20000
"Lọc dầu, má phanh",Có sẵn,Chợ Ladipo,
"Lọc dầu, má phanh",Có sẵn,Chợ Ladipo,25000
"Lọc dầu, má phanh",Có sẵn,Chợ Ladipo,30000
"Lọc dầu, má phanh",Có sẵn,Chợ Ladipo,40000
"Lọc dầu, má phanh",Có sẵn,Chợ Ladipo,20000
"Lọc dầu, má phanh",Đã đặt hàng,Nhà cung cấp Benz,
"Lọc dầu, má phanh",Đã đặt hàng,Nhà cung cấp Benz,15000
"Lọc dầu, má phanh",Đã đặt hàng,Nhà cung cấp Benz,20000
"Lọc dầu, má phanh",Đã đặt hàng,Khách hàng tự mang đến,
"Lọc dầu, má phanh",Đã đặt hàng,Khách hàng tự mang đến,25000
"Lọc dầu, má phanh",Đã đặt hàng,Khách hàng tự mang đến,30000
"Lọc dầu, má phanh",Đã đặt hàng,Khách hàng tự mang đến,40000
"Lọc dầu, má phanh",Đã đặt hàng,Khách hàng tự mang đến,20000
"Lọc dầu, má phanh",Đã đặt hàng,Nhập trực tiếp từ Benz,
"Lọc dầu, má phanh",Đã đặt hàng,Nhập trực tiếp từ Benz,25000
"Lọc dầu, má phanh",Đã đặt hàng,Nhập trực tiếp từ Benz,30000
"Lọc dầu, má phanh",Đã đặt hàng,Nhập trực tiếp từ Benz,40000
"Lọc dầu, má phanh",Đã đặt hàng,Nhập trực tiếp từ Benz,20000
"Lọc dầu, má phanh",Đã đặt hàng,Chợ Ladipo,15000
"Lọc dầu, má phanh",Đã đặt hàng,Chợ Ladipo,25000
"Lọc dầu, má phanh",Đã đặt hàng,Chợ Ladipo,30000
"Lọc dầu, má phanh",Đã đặt hàng,Chợ Ladipo,40000
"Lọc dầu, má phanh",Đã đặt hàng,Chợ Ladipo,20000
"Lọc dầu, má phanh",Đã đặt hàng,Chợ Ladipo,
"Lọc dầu, má phanh",Đã đặt hàng,Chợ Ladipo,15000
"Lọc dầu, má phanh",Đã đặt hàng,Chợ Ladipo,30000
"Lọc dầu, má phanh",Đã đặt hàng,Chợ Ladipo,20000
"Lọc dầu, má phanh",Không có sẵn,Nhà cung cấp Benz,
"Lọc dầu, má phanh",Không có sẵn,Nhà cung cấp Benz,15000
"Lọc dầu, má phanh",Không có sẵn,Nhà cung cấp Benz,25000
"Lọc dầu, má phanh",Không có sẵn,Nhà cung cấp Benz,30000
"Lọc dầu, má phanh",Không có sẵn,Nhà cung cấp Benz,20000
"Lọc dầu, má phanh",Không có sẵn,Khách hàng tự mang đến,
"Lọc dầu, má phanh",Không có sẵn,Khách hàng tự mang đến,15000
"Lọc dầu, má phanh",Không có sẵn,Khách hàng tự mang đến,30000
"Lọc dầu, má phanh",Không có sẵn,Khách hàng tự mang đến,40000
"Lọc dầu, má phanh",Không có sẵn,Khách hàng tự mang đến,20000
"Lọc dầu, má phanh",Không có sẵn,Nhập trực tiếp từ Benz,
"Lọc dầu, má phanh",Không có sẵn,Nhập trực tiếp từ Benz,15000
"Lọc dầu, má phanh",Không có sẵn,Nhập trực tiếp từ Benz,25000
"Lọc dầu, má phanh",Không có sẵn,Nhập trực tiếp từ Benz,30000
"Lọc dầu, má phanh",Không có sẵn,Nhập trực tiếp từ Benz,40000
"Lọc dầu, má phanh",Không có sẵn,Nhập trực tiếp từ Benz,20000
"Lọc dầu, má phanh",Không có sẵn,Chợ Ladipo,
"Lọc dầu, má phanh",Không có sẵn,Chợ Ladipo,15000
"Lọc dầu, má phanh",Không có sẵn,Chợ Ladipo,25000
"Lọc dầu, má phanh",Không có sẵn,Chợ Ladipo,20000
"Lọc dầu, má phanh",Không có sẵn,Chợ Ladipo,
"Lọc dầu, má phanh",Không có sẵn,Chợ Ladipo,15000
"Lọc dầu, má phanh",Không có sẵn,Chợ Ladipo,25000
"Lọc dầu, má phanh",Không có sẵn,Chợ Ladipo,30000
"Lọc dầu, má phanh",Không có sẵn,Chợ Ladipo,40000
"Lọc dầu, má phanh",Có sẵn,Nhà cung cấp Benz,15000
"Lọc dầu, má phanh",Có sẵn,Nhà cung cấp Benz,25000
"Lọc dầu, má phanh",Có sẵn,Nhà cung cấp Benz,40000
"Lọc dầu, má phanh",Có sẵn,Nhà cung cấp Benz,20000
"Lọc dầu, má phanh",Có sẵn,Khách hàng tự mang đến,
"Lọc dầu, má phanh",Có sẵn,Khách hàng tự mang đến,15000
"Lọc dầu, má phanh",Có sẵn,Khách hàng tự mang đến,25000
"Lọc dầu, má phanh",Có sẵn,Khách hàng tự mang đến,30000
"Lọc dầu, má phanh",Có sẵn,Khách hàng tự mang đến,40000
"Lọc dầu, má phanh",Có sẵn,Khách hàng tự mang đến,20000
"Lọc dầu, má phanh",Có sẵn,Nhập trực tiếp từ Benz,40000
"Lọc dầu, má phanh",Có sẵn,Chợ Ladipo,15000
"Lọc dầu, má phanh",Có sẵn,Chợ Ladipo,30000
"Lọc dầu, má phanh",Có sẵn,Chợ Ladipo,40000
"Lọc dầu, má phanh",Có sẵn,Chợ Ladipo,
"Lọc dầu, má phanh",Có sẵn,Chợ Ladipo,15000
"Lọc dầu, má phanh",Có sẵn,Chợ Ladipo,25000
"Lọc dầu, má phanh",Có sẵn,Chợ Ladipo,20000
"Lọc dầu, má phanh",Đã đặt hàng,Nhà cung cấp Benz,15000
"Lọc dầu, má phanh",Đã đặt hàng,Nhà cung cấp Benz,25000
"Lọc dầu, má phanh",Đã đặt hàng,Nhà cung cấp Benz,30000
"Lọc dầu, má phanh",Đã đặt hàng,Nhà cung cấp Benz,40000
"Lọc dầu, má phanh",Đã đặt hàng,Nhà cung cấp Benz,20000
"Lọc dầu, má phanh",Đã đặt hàng,Khách hàng tự mang đến,
"Lọc dầu, má phanh",Đã đặt hàng,Khách hàng tự mang đến,25000
"Lọc dầu, má phanh",Đã đặt hàng,Khách hàng tự mang đến,40000
"Lọc dầu, má phanh",Đã đặt hàng,Khách hàng tự mang đến,20000
"Lọc dầu, má phanh",Đã đặt hàng,Nhập trực tiếp từ Benz,
"Lọc dầu, má phanh",Đã đặt hàng,Nhập trực tiếp từ Benz,15000
"Lọc dầu, má phanh",Đã đặt hàng,Nhập trực tiếp từ Benz,25000
"Lọc dầu, má phanh",Đã đặt hàng,Nhập trực tiếp từ Benz,30000
"Lọc dầu, má phanh",Đã đặt hàng,Nhập trực tiếp từ Benz,40000
"Lọc dầu, má phanh",Đã đặt hàng,Chợ Ladipo,
"Lọc dầu, má phanh",Đã đặt hàng,Chợ Ladipo,15000
"Lọc dầu, má phanh",Đã đặt hàng,Chợ Ladipo,30000
"Lọc dầu, má phanh",Đã đặt hàng,Chợ Ladipo,40000
"Lọc dầu, má phanh",Đã đặt hàng,Chợ Ladipo,20000
"Lọc dầu, má phanh",Đã đặt hàng,Chợ Ladipo,15000
"Lọc dầu, má phanh",Đã đặt hàng,Chợ Ladipo,30000
"Lọc dầu, má phanh",Đã đặt hàng,Chợ Ladipo,40000
Phuộc giảm xóc,Có sẵn,Nhà cung cấp Benz,
Phuộc giảm xóc,Có sẵn,Nhà cung cấp Benz,25000
Phuộc giảm xóc,Có sẵn,Nhà cung cấp Benz,40000
Phuộc giảm xóc,Có sẵn,Khách hàng tự mang đến,
Phuộc giảm xóc,Có sẵn,Khách hàng tự mang đến,15000
Phuộc giảm xóc,Có sẵn,Khách hàng tự mang đến,25000
Phuộc giảm xóc,Có sẵn,Khách hàng tự mang đến,40000
Phuộc giảm xóc,Có sẵn,Nhập trực tiếp từ Benz,15000
Phuộc giảm xóc,Có sẵn,Nhập trực tiếp từ Benz,25000
Phuộc giảm xóc,Có sẵn,Nhập trực tiếp từ Benz,30000
Phuộc giảm xóc,Có sẵn,Nhập trực tiếp từ Benz,40000
Phuộc giảm xóc,Có sẵn,Nhập trực tiếp từ Benz,20000
Phuộc giảm xóc,Có sẵn,Chợ Ladipo,15000
Phuộc giảm xóc,Có sẵn,Chợ Ladipo,25000
Phuộc giảm xóc,Có sẵn,Chợ Ladipo,20000
Phuộc giảm xóc,Có sẵn,Chợ Ladipo,
Phuộc giảm xóc,Có sẵn,Chợ Ladipo,15000
Phuộc giảm xóc,Có sẵn,Chợ Ladipo,25000
Phuộc giảm xóc,Có sẵn,Chợ Ladipo,30000
Phuộc giảm xóc,Có sẵn,Chợ Ladipo,20000
Phuộc giảm xóc,Đã đặt hàng,Nhà cung cấp Benz,
Phuộc giảm xóc,Đã đặt hàng,Nhà cung cấp Benz,15000
Phuộc giảm xóc,Đã đặt hàng,Nhà cung cấp Benz,25000
Phuộc giảm xóc,Đã đặt hàng,Nhà cung cấp Benz,40000
Phuộc giảm xóc,Đã đặt hàng,Nhà cung cấp Benz,20000
Phuộc giảm xóc,Đã đặt hàng,Khách hàng tự mang đến,
Phuộc giảm xóc,Đã đặt hàng,Khách hàng tự mang đến,25000
Phuộc giảm xóc,Đã đặt hàng,Khách hàng tự mang đến,30000
Phuộc giảm xóc,Đã đặt hàng,Khách hàng tự mang đến,40000
Phuộc giảm xóc,Đã đặt hàng,Khách hàng tự mang đến,20000
Phuộc giảm xóc,Đã đặt hàng,Nhập trực tiếp từ Benz,
Phuộc giảm xóc,Đã đặt hàng,Nhập trực tiếp từ Benz,15000
Phuộc giảm xóc,Đã đặt hàng,Nhập trực tiếp từ Benz,25000
Phuộc giảm xóc,Đã đặt hàng,Nhập trực tiếp từ Benz,30000
Phuộc giảm xóc,Đã đặt hàng,Nhập trực tiếp từ Benz,20000
Phuộc giảm xóc,Đã đặt hàng,Chợ Ladipo,
Phuộc giảm xóc,Đã đặt hàng,Chợ Ladipo,25000
Phuộc giảm xóc,Đã đặt hàng,Chợ Ladipo,20000
Phuộc giảm xóc,Đã đặt hàng,Chợ Ladipo,
Phuộc giảm xóc,Đã đặt hàng,Chợ Ladipo,15000
Phuộc giảm xóc,Đã đặt hàng,Chợ Ladipo,40000
Phuộc giảm xóc,Không có sẵn,Nhà cung cấp Benz,25000
Phuộc giảm xóc,Không có sẵn,Nhà cung cấp Benz,30000
Phuộc giảm xóc,Không có sẵn,Nhà cung cấp Benz,40000
Phuộc giảm xóc,Không có sẵn,Nhà cung cấp Benz,20000
Phuộc giảm xóc,Không có sẵn,Khách hàng tự mang đến,30000
Phuộc giảm xóc,Không có sẵn,Nhập trực tiếp từ Benz,25000
Phuộc giảm xóc,Không có sẵn,Nhập trực tiếp từ Benz,30000
Phuộc giảm xóc,Không có sẵn,Nhập trực tiếp từ Benz,40000
Phuộc giảm xóc,Không có sẵn,Chợ Ladipo,
Phuộc giảm xóc,Không có sẵn,Chợ Ladipo,15000
Phuộc giảm xóc,Không có sẵn,Chợ Ladipo,25000
Phuộc giảm xóc,Không có sẵn,Chợ Ladipo,40000
Phuộc giảm xóc,Không có sẵn,Chợ Ladipo,20000
Phuộc giảm xóc,Không có sẵn,Chợ Ladipo,
Phuộc giảm xóc,Không có sẵn,Chợ Ladipo,15000
Phuộc giảm xóc,Không có sẵn,Chợ Ladipo,30000
Phuộc giảm xóc,Không có sẵn,Chợ Ladipo,40000
Phuộc giảm xóc,Có sẵn,Nhà cung cấp Benz,
Phuộc giảm xóc,Có sẵn,Nhà cung cấp Benz,15000
Phuộc giảm xóc,Có sẵn,Nhà cung cấp Benz,25000
Phuộc giảm xóc,Có sẵn,Nhà cung cấp Benz,40000
Phuộc giảm xóc,Có sẵn,Nhà cung cấp Benz,20000
Phuộc giảm xóc,Có sẵn,Khách hàng tự mang đến,15000
Phuộc giảm xóc,Có sẵn,Khách hàng tự mang đến,30000
Phuộc giảm xóc,Có sẵn,Khách hàng tự mang đến,20000
Phuộc giảm xóc,Có sẵn,Nhập trực tiếp từ Benz,
Phuộc giảm xóc,Có sẵn,Nhập trực tiếp từ Benz,15000
Phuộc giảm xóc,Có sẵn,Nhập trực tiếp từ Benz,25000
Phuộc giảm xóc,Có sẵn,Nhập trực tiếp từ Benz,30000
Phuộc giảm xóc,Có sẵn,Nhập trực tiếp từ Benz,40000
Phuộc giảm xóc,Có sẵn,Chợ Ladipo,
Phuộc giảm xóc,Có sẵn,Chợ Ladipo,15000
Phuộc giảm xóc,Có sẵn,Chợ Ladipo,30000
Phuộc giảm xóc,Có sẵn,Chợ Ladipo,40000
Phuộc giảm xóc,Có sẵn,Chợ Ladipo,20000
Phuộc giảm xóc,Có sẵn,Chợ Ladipo,25000
Phuộc giảm xóc,Có sẵn,Chợ Ladipo,30000
Phuộc giảm xóc,Có sẵn,Chợ Ladipo,40000
Phuộc giảm xóc,Đã đặt hàng,Nhà cung cấp Benz,
Phuộc giảm xóc,Đã đặt hàng,Nhà cung cấp Benz,15000
Phuộc giảm xóc,Đã đặt hàng,Nhà cung cấp Benz,25000
Phuộc giảm xóc,Đã đặt hàng,Nhà cung cấp Benz,30000
Phuộc giảm xóc,Đã đặt hàng,Khách hàng tự mang đến,
Phuộc giảm xóc,Đã đặt hàng,Khách hàng tự mang đến,25000
Phuộc giảm xóc,Đã đặt hàng,Khách hàng tự mang đến,20000
Phuộc giảm xóc,Đã đặt hàng,Nhập trực tiếp từ Benz,
Phuộc giảm xóc,Đã đặt hàng,Nhập trực tiếp từ Benz,15000
Phuộc giảm xóc,Đã đặt hàng,Nhập trực tiếp từ Benz,30000
Phuộc giảm xóc,Đã đặt hàng,Nhập trực tiếp từ Benz,20000
Phuộc giảm xóc,Đã đặt hàng,Chợ Ladipo,
Phuộc giảm xóc,Đã đặt hàng,Chợ Ladipo,15000
Phuộc giảm xóc,Đã đặt hàng,Chợ Ladipo,30000
Phuộc giảm xóc,Đã đặt hàng,Chợ Ladipo,40000
Phuộc giảm xóc,Đã đặt hàng,Chợ Ladipo,20000
Phuộc giảm xóc,Đã đặt hàng,Chợ Ladipo,
Phuộc giảm xóc,Đã đặt hàng,Chợ Ladipo,15000
Phuộc giảm xóc,Đã đặt hàng,Chợ Ladipo,25000
Phuộc giảm xóc,Đã đặt hàng,Chợ Ladipo,40000
Phuộc giảm xóc,Đã đặt hàng,Chợ Ladipo,20000
Dây curoa cam,Có sẵn,Nhà cung cấp Benz,
Dây curoa cam,Có sẵn,Nhà cung cấp Benz,15000
Dây curoa cam,Có sẵn,Nhà cung cấp Benz,25000
Dây curoa cam,Có sẵn,Nhà cung cấp Benz,30000
Dây curoa cam,Có sẵn,Nhà cung cấp Benz,40000
Dây curoa cam,Có sẵn,Nhà cung cấp Benz,20000
Dây curoa cam,Có sẵn,Khách hàng tự mang đến,40000
Dây curoa cam,Có sẵn,Nhập trực tiếp từ Benz,
Dây curoa cam,Có sẵn,Nhập trực tiếp từ Benz,15000
Dây curoa cam,Có sẵn,Nhập trực tiếp từ Benz,25000
Dây curoa cam,Có sẵn,Nhập trực tiếp từ Benz,30000
Dây curoa cam,Có sẵn,Nhập trực tiếp từ Benz,40000
Dây curoa cam,Có sẵn,Nhập trực tiếp từ Benz,20000
Dây curoa cam,Có sẵn,Chợ Ladipo,40000
Dây curoa cam,Có sẵn,Chợ Ladipo,
Dây curoa cam,Có sẵn,Chợ Ladipo,15000
Dây curoa cam,Có sẵn,Chợ Ladipo,30000
Dây curoa cam,Có sẵn,Chợ Ladipo,40000
Dây curoa cam,Có sẵn,Chợ Ladipo,20000
Dây curoa cam,Đã đặt hàng,Nhà cung cấp Benz,
Dây curoa cam,Đã đặt hàng,Nhà cung cấp Benz,15000
Dây curoa cam,Đã đặt hàng,Nhà cung cấp Benz,25000
Dây curoa cam,Đã đặt hàng,Nhà cung cấp Benz,40000
Dây curoa cam,Đã đặt hàng,Nhà cung cấp Benz,20000
Dây curoa cam,Đã đặt hàng,Khách hàng tự mang đến,
Dây curoa cam,Đã đặt hàng,Khách hàng tự mang đến,15000
Dây curoa cam,Đã đặt hàng,Khách hàng tự mang đến,25000
Dây curoa cam,Đã đặt hàng,Khách hàng tự mang đến,40000
Dây curoa cam,Đã đặt hàng,Khách hàng tự mang đến,20000
Dây curoa cam,Đã đặt hàng,Nhập trực tiếp từ Benz,40000
Dây curoa cam,Đã đặt hàng,Nhập trực tiếp từ Benz,20000
Dây curoa cam,Đã đặt hàng,Chợ Ladipo,25000
Dây curoa cam,Đã đặt hàng,Chợ Ladipo,30000
Dây curoa cam,Đã đặt hàng,Chợ Ladipo,40000
Dây curoa cam,Đã đặt hàng,Chợ Ladipo,20000
Dây curoa cam,Đã đặt hàng,Chợ Ladipo,
Dây curoa cam,Đã đặt hàng,Chợ Ladipo,15000
Dây curoa cam,Đã đặt hàng,Chợ Ladipo,25000
Dây curoa cam,Đã đặt hàng,Chợ Ladipo,20000
Dây curoa cam,Không có sẵn,Nhà cung cấp Benz,
Dây curoa cam,Không có sẵn,Nhà cung cấp Benz,25000
Dây curoa cam,Không có sẵn,Nhà cung cấp Benz,30000
Dây curoa cam,Không có sẵn,Nhà cung cấp Benz,40000
Dây curoa cam,Không có sẵn,Nhà cung cấp Benz,20000
Dây curoa cam,Không có sẵn,Khách hàng tự mang đến,15000
Dây curoa cam,Không có sẵn,Khách hàng tự mang đến,20000
Dây curoa cam,Không có sẵn,Nhập trực tiếp từ Benz,
Dây curoa cam,Không có sẵn,Nhập trực tiếp từ Benz,15000
Dây curoa cam,Không có sẵn,Nhập trực tiếp từ Benz,25000
Dây curoa cam,Không có sẵn,Nhập trực tiếp từ Benz,30000
Dây curoa cam,Không có sẵn,Nhập trực tiếp từ Benz,40000
Dây curoa cam,Không có sẵn,Chợ Ladipo,30000
Dây curoa cam,Không có sẵn,Chợ Ladipo,40000
Dây curoa cam,Không có sẵn,Chợ Ladipo,20000
Dây curoa cam,Không có sẵn,Chợ Ladipo,
Dây curoa cam,Không có sẵn,Chợ Ladipo,15000
Dây curoa cam,Không có sẵn,Chợ Ladipo,30000
Dây curoa cam,Không có sẵn,Chợ Ladipo,40000
Dây curoa cam,Không có sẵn,Chợ Ladipo,20000
Dây curoa cam,Có sẵn,Nhà cung cấp Benz,
Dây curoa cam,Có sẵn,Nhà cung cấp Benz,15000
Dây curoa cam,Có sẵn,Nhà cung cấp Benz,25000
Dây curoa cam,Có sẵn,Nhà cung cấp Benz,40000
Dây curoa cam,Có sẵn,Nhà cung cấp Benz,20000
Dây curoa cam,Có sẵn,Khách hàng tự mang đến,15000
Dây curoa cam,Có sẵn,Khách hàng tự mang đến,40000
Dây curoa cam,Có sẵn,Khách hàng tự mang đến,20000
Dây curoa cam,Có sẵn,Nhập trực tiếp từ Benz,15000
Dây curoa cam,Có sẵn,Nhập trực tiếp từ Benz,25000
Dây curoa cam,Có sẵn,Nhập trực tiếp từ Benz,20000
Dây curoa cam,Có sẵn,Chợ Ladipo,
Dây curoa cam,Có sẵn,Chợ Ladipo,15000
Dây curoa cam,Có sẵn,Chợ Ladipo,40000
Dây curoa cam,Có sẵn,Chợ Ladipo,20000
Dây curoa cam,Có sẵn,Chợ Ladipo,15000
Dây curoa cam,Có sẵn,Chợ Ladipo,25000
Dây curoa cam,Có sẵn,Chợ Ladipo,30000
Dây curoa cam,Có sẵn,Chợ Ladipo,40000
Dây curoa cam,Đã đặt hàng,Nhà cung cấp Benz,25000
Dây curoa cam,Đã đặt hàng,Nhà cung cấp Benz,40000
Dây curoa cam,Đã đặt hàng,Nhà cung cấp Benz,20000
Dây curoa cam,Đã đặt hàng,Khách hàng tự mang đến,15000
Dây curoa cam,Đã đặt hàng,Khách hàng tự mang đến,25000
Dây curoa cam,Đã đặt hàng,Khách hàng tự mang đến,30000
Dây curoa cam,Đã đặt hàng,Khách hàng tự mang đến,40000
Dây curoa cam,Đã đặt hàng,Nhập trực tiếp từ Benz,
Dây curoa cam,Đã đặt hàng,Nhập trực tiếp từ Benz,15000
Dây curoa cam,Đã đặt hàng,Nhập trực tiếp từ Benz,25000
Dây curoa cam,Đã đặt hàng,Nhập trực tiếp từ Benz,30000
Dây curoa cam,Đã đặt hàng,Nhập trực tiếp từ Benz,40000
Dây curoa cam,Đã đặt hàng,Chợ Ladipo,
Dây curoa cam,Đã đặt hàng,Chợ Ladipo,25000
Dây curoa cam,Đã đặt hàng,Chợ Ladipo,30000
Dây curoa cam,Đã đặt hàng,Chợ Ladipo,40000
Dây curoa cam,Đã đặt hàng,Chợ Ladipo,20000
Dây curoa cam,Đã đặt hàng,Chợ Ladipo,
Dây curoa cam,Đã đặt hàng,Chợ Ladipo,25000
Dây curoa cam,Đã đặt hàng,Chợ Ladipo,40000
Dây curoa cam,Đã đặt hàng,Chợ Ladipo,20000
