Lich_Su_Dich_Vu,Van_De_Thuong_Gap,Giai_Phap_Su_Dung
AC Service; Engine Tune-Up,AC not cooling,AC repair
Antifreeze Change; Engine Check,Cooling issues,Antifreeze replacement
Battery Check; Thay dầu,Battery drainage,Thay ắc quy
Battery Inspection; Bảo dưỡng chung,Hết ắc quy,Thay ắc quy
Bảo dưỡng chung; Chẩn đoán động cơ,Đèn báo lỗi động cơ sáng,Quét chẩn đoán
Bảo dưỡng chung; Engine Check,Động cơ bỏ máy,Thay bugi
Bảo dưỡng chung; Sửa chữa động cơ,Engine roughness,Thay bugi
Bảo dưỡng chung; Sửa chữa động cơ,Động cơ bỏ máy,Thay bugi
Bảo dưỡng chung; Tire Inspection,Mòn lốp,Tire rotation
Bảo dưỡng hộp số; Chẩn đoán lỗi,Trượt hộp số,Thay dầu hộp số
Bảo dưỡng hộp số; Thay dầu,Trượt hộp số,Thay dầu hộp số
Bảo dưỡng hộp số; Thay dầu phanh,Trượt hộp số,Thay dầu hộp số
Bảo dưỡng phanh; Bảo dưỡng chung,Mòn phanh,Thay phanh
Bảo dưỡng phanh; Thay dầu,Mòn phanh,Thay phanh
Bảo dưỡng phanh; Thay dầu,Rò rỉ dầu phanh,Thay dầu phanh
Bảo dưỡng phanh; Tire Inspection,Mòn phanh,Thay má phanh
Chẩn đoán động cơ; Thay dầu,Engine misfire,Quét chẩn đoán
Chẩn đoán động cơ; Thay dầu,Đèn báo lỗi động cơ sáng,Quét chẩn đoán
Chẩn đoán động cơ; Tinh chỉnh động cơ,Engine roughness,Thay bugi
Chẩn đoán động cơ; Tinh chỉnh động cơ,Động cơ bỏ máy,Thay bugi
Chẩn đoán động cơ; Đảo lốp,Động cơ bỏ máy,Thay bugi
Clutch Replacement; Kiểm tra phanh,Sticking clutch,Clutch repair
Cân chỉnh lốp; Bảo dưỡng chung,Lệch lốp,Cân chỉnh lốp
Cân chỉnh lốp; Bảo dưỡng chung,Mòn lốp,Tire rotation
Cân chỉnh lốp; Bảo dưỡng chung,Mòn lốp,Đảo lốp và cân bằng động
Cân chỉnh lốp; Kiểm tra phanh,Lệch bánh,Cân chỉnh thước lái
Cân chỉnh lốp; Kiểm tra phanh,Lệch lốp,Cân chỉnh lốp
Cân chỉnh lốp; Sửa chữa động cơ,Lệch bánh,Cân chỉnh thước lái
Cân chỉnh lốp; Thay dầu,Lệch bánh,Cân chỉnh thước lái
Cân chỉnh lốp; Thay dầu phanh,Lệch lốp,Cân chỉnh lốp
Differential Service; Thay dầu phanh,Noise while turning,Differential repair
Engine Check; Sửa chữa hệ thống treo,Vấn đề hệ thống lái,Điều chỉnh hệ thống treo
Engine Check; Thay lốp,Tire damage,Tire replacement
Engine Filter Change; Thay lốp,Decreased power,Engine filter replacement
Exhaust System Repair; Emission Test,Loud exhaust,Exhaust repair
Fluid Check; Bảo dưỡng chung,Rò rỉ chất lỏng,Thay chất lỏng
Fluid Check; Chẩn đoán động cơ,Rò rỉ chất lỏng,Thay chất lỏng
Fluid Check; Thay dầu,Low oil,Oil replacement
Fluid Check; Thay lốp,Tốn nhiên liệu,Vệ sinh hệ thống nhiên liệu
Fuel Filter Change; Thay dầu,Fuel blockage,Fuel filter replacement
Fuel Injection Service; Thay dầu,Rough idling,Fuel injector cleaning
Headlight Restoration; Brake Check,Dim headlights,Headlight restoration
Headlight Restoration; Cân chỉnh lốp,Cloudy headlights,Headlight restoration
Headlight Restoration; Engine Tune-Up,Faded headlights,Headlight restoration
Headlight Restoration; Suspension Check,Dull headlights,Headlight restoration
Headlight Restoration; Thay dầu,Cloudy headlights,Headlight restoration
Headlight Restoration; Thay dầu,Scratched headlights,Headlight restoration
Headlight Restoration; Thay ắc quy,Cloudy headlights,Headlight restoration
Headlight Restoration; Đảo lốp,Yellowed headlights,Headlight restoration
Kiểm tra phanh; Bảo dưỡng chung,Phanh kêu,Thay má phanh
Kiểm tra phanh; Chẩn đoán lỗi,Mòn phanh,Thay phanh
Kiểm tra phanh; Thay dầu,Phanh kêu,Thay má phanh
Kiểm tra phanh; Đảo lốp,Lệch bánh,Cân chỉnh thước lái
Kiểm tra phanh; Đảo lốp,Phanh kêu,Thay má phanh
Kiểm tra đèn báo lỗi động cơ; Bảo dưỡng chung,Đèn báo lỗi động cơ sáng,Quét chẩn đoán
Kiểm tra đèn báo lỗi động cơ; Chẩn đoán lỗi,Đèn báo lỗi động cơ sáng,Quét chẩn đoán và sửa chữa
Kiểm tra đèn báo lỗi động cơ; Thay dầu phanh,Đèn báo lỗi động cơ sáng,Quét chẩn đoán
Light Replacement; Bảo dưỡng chung,Flickering lights,Headlight replacement
Làm đồng sơn; Sơn xe,Móp méo và trầy xước,Làm đồng và sơn lại
"Oil Change, Brake Inspection",Động cơ quá nhiệt,Check coolant level; flush radiator; replace thermostat.
Oil Filter Change; Đảo lốp,Rò rỉ dầu,Oil filter replacement
Power Steering Fluid Change; Đảo lốp,Hard steering,Power steering service
Radiator Flush; Cooling System Check,Overheating,Radiator repair
Rò rỉ chất lỏng; Cân chỉnh lốp,Rò rỉ chất lỏng,Thay chất lỏng
Rò rỉ chất lỏng; Kiểm tra phanh,Rò rỉ chất lỏng,Thay chất lỏng
Rò rỉ chất lỏng; Thay dầu,Rò rỉ chất lỏng,Thay chất lỏng
Rò rỉ chất lỏng; Thay lốp,Rò rỉ chất lỏng,Thay chất lỏng
Rò rỉ chất lỏng; Đảo lốp,Rò rỉ chất lỏng,Thay chất lỏng
Rò rỉ ống xả; Bảo dưỡng chung,Ống xả kêu,Sửa chữa hệ thống ống xả
Rò rỉ ống xả; Chẩn đoán lỗi,Rò rỉ ống xả,Sửa chữa hệ thống ống xả
Rò rỉ ống xả; Thay dầu,Ống xả kêu,Sửa chữa hệ thống ống xả
Rò rỉ ống xả; Tire Inspection,Ống xả kêu,Sửa chữa hệ thống ống xả
Safety Inspection; Bảo dưỡng phanh,Warning lights,Inspection service
Serpentine Belt Replacement; Bảo dưỡng chung,Squeaking noise,Belt replacement
Spark Plug Replacement; Chẩn đoán động cơ,Poor acceleration,Thay bugi
Sửa chữa hệ thống treo; Bảo dưỡng chung,Vấn đề hệ thống lái,Điều chỉnh hệ thống treo
Sửa chữa hệ thống treo; Bảo dưỡng phanh,Vấn đề hệ thống lái,Điều chỉnh hệ thống treo
Sửa chữa hệ thống treo; Engine Check,Vấn đề hệ thống lái,Điều chỉnh hệ thống treo
Sửa chữa hệ thống treo; Thay dầu,Vấn đề hệ thống lái,Điều chỉnh hệ thống treo
Sửa chữa hệ thống treo; Tire Inspection,Vấn đề hệ thống lái,Điều chỉnh hệ thống treo
Sửa chữa hộp số; Bảo dưỡng phanh,Trượt hộp số,Thay dầu hộp số
Sửa chữa hộp số; Thay dầu,Trượt hộp số,Thay dầu hộp số
Sửa chữa hộp số; Thay dầu phanh,Trượt hộp số,Thay dầu hộp số
Sửa chữa thân vỏ; Thay lốp,Hư hỏng thân vỏ,Sửa chữa thân vỏ
Sửa chữa động cơ; Bảo dưỡng phanh,Động cơ quá nhiệt,Súc rửa hệ thống làm mát
Sửa chữa động cơ; Chẩn đoán lỗi,Engine misfire,Quét chẩn đoán
Sửa chữa động cơ; Cân chỉnh lốp,Lệch lốp,Cân chỉnh lốp
Sửa chữa động cơ; Đảo lốp,Động cơ quá nhiệt,Thay bộ tản nhiệt
Sửa phanh; Engine Check,Phanh kêu,Thay má phanh
Sửa phanh; Thay dầu,Brake squeal,Thay má phanh
Sửa phanh; Thay dầu,Phanh kêu,Thay má phanh
Sửa phanh; Thay lốp,Hư hỏng thân vỏ,Sửa chữa thân vỏ
Sửa ống xả; Bảo dưỡng chung,Rò rỉ ống xả,Sửa chữa hệ thống ống xả
Sửa ống xả; Bảo dưỡng phanh,Ống xả kêu,Sửa chữa hệ thống ống xả
Sửa ống xả; Engine Check,Ống xả kêu,Sửa chữa hệ thống ống xả
Sửa ống xả; Thay dầu,Ống xả kêu,Sửa chữa hệ thống ống xả
Sửa ống xả; Thay dầu phanh,Ống xả kêu,Sửa chữa hệ thống ống xả
Thay dầu hộp số; Bảo dưỡng phanh,Gear slipping,Transmission fluid replacement
Thay dầu hộp số; Bảo dưỡng phanh,Trượt hộp số,Thay dầu hộp số
Thay dầu hộp số; Chẩn đoán lỗi,Trượt hộp số,Thay dầu hộp số
Thay dầu hộp số; Sửa chữa động cơ,Vấn đề hộp số,Bảo dưỡng hộp số
Thay dầu phanh; Sửa chữa động cơ,Rò rỉ dầu phanh,Thay dầu phanh
Thay dầu phanh; Thay dầu,Rò rỉ dầu phanh,Thay dầu phanh
Thay dầu; Battery Check,Hết ắc quy,Thay ắc quy
Thay dầu; Battery Inspection,Hết ắc quy,Thay ắc quy
Thay dầu; Bảo dưỡng chung,Rò rỉ dầu,Thay phớt chắn dầu
Thay dầu; Cân chỉnh lốp,Lệch bánh,Cân chỉnh thước lái
Thay dầu; Cân chỉnh lốp,Lệch lốp,Cân chỉnh lốp
Thay dầu; Kiểm tra phanh,Phanh kêu,Thay má phanh
Thay dầu; Sửa phanh,Phanh kêu,Thay má phanh
Thay dầu; Thay dầu phanh,Rò rỉ dầu phanh,Thay dầu phanh
Thay dầu; Thay ắc quy,Hết ắc quy,Thay ắc quy
Thay lốp; Chẩn đoán lỗi,Tire damage,Tire replacement
Thay lốp; Engine Check,Mòn lốp,Đảo lốp và cân bằng động
Thay lốp; Thay dầu,Tốn nhiên liệu,Vệ sinh hệ thống nhiên liệu
Thay ắc quy; Bảo dưỡng chung,Hết ắc quy,Thay ắc quy
Timing Belt Replacement; Engine Check,Timing issues,Timing belt replacement
"Tire Rotation, Brake Replacement",Brakes making noise,Inspect pads/rotors; replace if worn.
Wheel Alignment; Kiểm tra phanh,Misalignment,Cân chỉnh thước lái
Windshield Wiper Replacement; Bảo dưỡng chung,Streaky wipers,Wiper replacement
Đảo lốp; Bảo dưỡng chung,Mòn lốp,Đảo lốp và cân bằng động
Đảo lốp; Bảo dưỡng phanh,Mòn lốp,Tire rotation
Đảo lốp; Bảo dưỡng phanh,Mòn lốp,Đảo lốp và cân bằng động
Động cơ quá nhiệt; Chẩn đoán lỗi,Động cơ quá nhiệt,Súc rửa hệ thống làm mát
Động cơ quá nhiệt; Tinh chỉnh động cơ,Động cơ quá nhiệt,Súc rửa hệ thống làm mát
