Loai_Xe,Bien_So_Xe
Honda Accord,ABJ105EF
Honda Accord,ABJ109EF
Honda Accord,ABJ169EF
Honda Accord,ABJ179CD
Honda Accord,ABJ229CD
Honda Accord,ABJ245GH
Honda Accord,ABJ250GH
Honda Accord,ABJ257EF
Honda Accord,ABJ274CD
Honda Accord,ABJ274EF
Honda Accord,ABJ275CD
Honda Accord,ABJ284EF
Honda Accord,ABJ316CD
Honda Accord,ABJ328GH
Honda Accord,ABJ332GH
Honda Accord,ABJ342CD
Honda Accord,ABJ345GH
Honda Accord,ABJ370EF
Honda Accord,ABJ378CD
Honda Accord,ABJ382CD
Honda Accord,ABJ401CD
Honda Accord,ABJ405CD
Honda Accord,ABJ448CD
Honda Accord,ABJ458GH
Honda Accord,ABJ470GH
Honda Accord,ABJ472EF
Honda Accord,ABJ491EF
Honda Accord,ABJ538EF
Honda Accord,ABJ543EF
Honda Accord,ABJ564GH
Honda Accord,ABJ566EF
Honda Accord,ABJ606GH
Honda Accord,ABJ610CD
Honda Accord,ABJ616CD
Honda Accord,ABJ664EF
Honda Accord,ABJ674EF
Honda Accord,ABJ705CD
Honda Accord,ABJ715GH
Honda Accord,ABJ721EF
Honda Accord,ABJ765CD
Honda Accord,ABJ772GH
Honda Accord,ABJ797CD
Honda Accord,ABJ800GH
Honda Accord,ABJ803GH
Honda Accord,ABJ805GH
Honda Accord,ABJ810CD
Honda Accord,ABJ815EF
Honda Accord,ABJ829GH
Honda Accord,ABJ961EF
Honda Accord,ABJ967GH
Honda Accord,KAN111EF
Honda Accord,KAN111GH
Honda Accord,KAN114CD
Honda Accord,KAN120GH
Honda Accord,KAN203GH
Honda Accord,KAN264GH
Honda Accord,KAN324EF
Honda Accord,KAN332EF
Honda Accord,KAN359EF
Honda Accord,KAN366CD
Honda Accord,KAN378EF
Honda Accord,KAN414GH
Honda Accord,KAN425EF
Honda Accord,KAN437GH
Honda Accord,KAN441CD
Honda Accord,KAN456GH
Honda Accord,KAN459GH
Honda Accord,KAN461EF
Honda Accord,KAN495EF
Honda Accord,KAN501GH
Honda Accord,KAN504CD
Honda Accord,KAN611GH
Honda Accord,KAN620EF
Honda Accord,KAN624CD
Honda Accord,KAN624EF
Honda Accord,KAN625GH
Honda Accord,KAN630GH
Honda Accord,KAN657EF
Honda Accord,KAN661GH
Honda Accord,KAN666CD
Honda Accord,KAN701GH
Honda Accord,KAN702EF
Honda Accord,KAN719CD
Honda Accord,KAN755CD
Honda Accord,KAN765CD
Honda Accord,KAN769CD
Honda Accord,KAN780CD
Honda Accord,KAN837CD
Honda Accord,KAN839EF
Honda Accord,KAN846GH
Honda Accord,KAN858GH
Honda Accord,KAN896EF
Honda Accord,KAN898EF
Honda Accord,KAN907EF
Honda Accord,KAN911EF
Honda Accord,KAN914EF
Honda Accord,KAN926CD
Honda Accord,KAN939CD
Honda Accord,KAN939GH
Honda Accord,KAN965CD
Honda Accord,KAN965EF
Honda Accord,KAN972CD
Honda Accord,KAN996CD
Honda Accord,LAG105EF
Honda Accord,LAG109EF
Honda Accord,LAG110EF
Honda Accord,LAG111GH
Honda Accord,LAG117EF
Honda Accord,LAG181GH
Honda Accord,LAG184CD
Honda Accord,LAG187GH
Honda Accord,LAG203EF
Honda Accord,LAG241CD
Honda Accord,LAG255EF
Honda Accord,LAG269CD
Honda Accord,LAG280GH
Honda Accord,LAG283CD
Honda Accord,LAG288GH
Honda Accord,LAG292CD
Honda Accord,LAG313GH
Honda Accord,LAG368CD
Honda Accord,LAG369GH
Honda Accord,LAG379EF
Honda Accord,LAG384GH
Honda Accord,LAG391CD
Honda Accord,LAG391EF
Honda Accord,LAG391GH
Honda Accord,LAG407CD
Honda Accord,LAG416CD
Honda Accord,LAG460GH
Honda Accord,LAG461GH
Honda Accord,LAG468CD
Honda Accord,LAG478EF
Honda Accord,LAG488EF
Honda Accord,LAG494EF
Honda Accord,LAG514CD
Honda Accord,LAG517GH
Honda Accord,LAG526GH
Honda Accord,LAG532EF
Honda Accord,LAG538EF
Honda Accord,LAG539CD
Honda Accord,LAG557EF
Honda Accord,LAG558EF
Honda Accord,LAG577EF
Honda Accord,LAG578GH
Honda Accord,LAG581EF
Honda Accord,LAG584EF
Honda Accord,LAG605GH
Honda Accord,LAG612CD
Honda Accord,LAG614EF
Honda Accord,LAG624EF
Honda Accord,LAG624GH
Honda Accord,LAG626GH
Honda Accord,LAG680GH
Honda Accord,LAG684EF
Honda Accord,LAG705GH
Honda Accord,LAG715EF
Honda Accord,LAG718EF
Honda Accord,LAG720GH
Honda Accord,LAG728GH
Honda Accord,LAG771GH
Honda Accord,LAG775CD
Honda Accord,LAG780EF
Honda Accord,LAG798EF
Honda Accord,LAG798GH
Honda Accord,LAG801CD
Honda Accord,LAG809GH
Honda Accord,LAG810EF
Honda Accord,LAG815CD
Honda Accord,LAG818CD
Honda Accord,LAG820EF
Honda Accord,LAG825EF
Honda Accord,LAG827EF
Honda Accord,LAG871EF
Honda Accord,LAG873EF
Honda Accord,LAG889GH
Honda Accord,LAG929GH
Honda Accord,LAG948CD
Honda Accord,LAG956CD
Honda Accord,LAG958EF
Honda Accord,LAG967CD
Honda Accord,LAG986EF
Honda Accord,LAG997CD
Lexus RX 350,ABJ106EF
Lexus RX 350,ABJ113CD
Lexus RX 350,ABJ113GH
Lexus RX 350,ABJ125EF
Lexus RX 350,ABJ128GH
Lexus RX 350,ABJ148CD
Lexus RX 350,ABJ150GH
Lexus RX 350,ABJ156CD
Lexus RX 350,ABJ157EF
Lexus RX 350,ABJ162GH
Lexus RX 350,ABJ167GH
Lexus RX 350,ABJ168CD
Lexus RX 350,ABJ179GH
Lexus RX 350,ABJ187CD
Lexus RX 350,ABJ188GH
Lexus RX 350,ABJ207EF
Lexus RX 350,ABJ276EF
Lexus RX 350,ABJ278EF
Lexus RX 350,ABJ323GH
Lexus RX 350,ABJ337CD
Lexus RX 350,ABJ337EF
Lexus RX 350,ABJ351CD
Lexus RX 350,ABJ358EF
Lexus RX 350,ABJ374EF
Lexus RX 350,ABJ374GH
Lexus RX 350,ABJ382GH
Lexus RX 350,ABJ394EF
Lexus RX 350,ABJ395EF
Lexus RX 350,ABJ397CD
Lexus RX 350,ABJ403CD
Lexus RX 350,ABJ404CD
Lexus RX 350,ABJ407EF
Lexus RX 350,ABJ442CD
Lexus RX 350,ABJ465EF
Lexus RX 350,ABJ466GH
Lexus RX 350,ABJ512EF
Lexus RX 350,ABJ518CD
Lexus RX 350,ABJ523CD
Lexus RX 350,ABJ544GH
Lexus RX 350,ABJ549EF
Lexus RX 350,ABJ554GH
Lexus RX 350,ABJ563CD
Lexus RX 350,ABJ581CD
Lexus RX 350,ABJ606CD
Lexus RX 350,ABJ615GH
Lexus RX 350,ABJ636GH
Lexus RX 350,ABJ639EF
Lexus RX 350,ABJ666GH
Lexus RX 350,ABJ685EF
Lexus RX 350,ABJ689GH
Lexus RX 350,ABJ697EF
Lexus RX 350,ABJ731GH
Lexus RX 350,ABJ735GH
Lexus RX 350,ABJ741GH
Lexus RX 350,ABJ744GH
Lexus RX 350,ABJ746GH
Lexus RX 350,ABJ770CD
Lexus RX 350,ABJ772CD
Lexus RX 350,ABJ782EF
Lexus RX 350,ABJ783EF
Lexus RX 350,ABJ819GH
Lexus RX 350,ABJ846EF
Lexus RX 350,ABJ858CD
Lexus RX 350,ABJ860GH
Lexus RX 350,ABJ873GH
Lexus RX 350,KAN106EF
Lexus RX 350,KAN118GH
Lexus RX 350,KAN131CD
Lexus RX 350,KAN132GH
Lexus RX 350,KAN154GH
Lexus RX 350,KAN157CD
Lexus RX 350,KAN158GH
Lexus RX 350,KAN180CD
Lexus RX 350,KAN199EF
Lexus RX 350,KAN226EF
Lexus RX 350,KAN231EF
Lexus RX 350,KAN245EF
Lexus RX 350,KAN246EF
Lexus RX 350,KAN257GH
Lexus RX 350,KAN262EF
Lexus RX 350,KAN305EF
Lexus RX 350,KAN319CD
Lexus RX 350,KAN331EF
Lexus RX 350,KAN340CD
Lexus RX 350,KAN357EF
Lexus RX 350,KAN377GH
Lexus RX 350,KAN390GH
Lexus RX 350,KAN431GH
Lexus RX 350,KAN434GH
Lexus RX 350,KAN485CD
Lexus RX 350,KAN499GH
Lexus RX 350,KAN565EF
Lexus RX 350,KAN579EF
Lexus RX 350,KAN595EF
Lexus RX 350,KAN599EF
Lexus RX 350,KAN623GH
Lexus RX 350,KAN664EF
Lexus RX 350,KAN669CD
Lexus RX 350,KAN690CD
Lexus RX 350,KAN692CD
Lexus RX 350,KAN710EF
Lexus RX 350,KAN722GH
Lexus RX 350,KAN762GH
Lexus RX 350,KAN776EF
Lexus RX 350,KAN781GH
Lexus RX 350,KAN794EF
Lexus RX 350,KAN824GH
Lexus RX 350,KAN830CD
Lexus RX 350,KAN831CD
Lexus RX 350,KAN836GH
Lexus RX 350,KAN850CD
Lexus RX 350,KAN853CD
Lexus RX 350,KAN857GH
Lexus RX 350,KAN893GH
Lexus RX 350,KAN901GH
Lexus RX 350,KAN902GH
Lexus RX 350,KAN907EF
Lexus RX 350,KAN919CD
Lexus RX 350,KAN937EF
Lexus RX 350,KAN949EF
Lexus RX 350,KAN957GH
Lexus RX 350,KAN977CD
Lexus RX 350,KAN988CD
Lexus RX 350,KAN996EF
Lexus RX 350,LAG131CD
Lexus RX 350,LAG139GH
Lexus RX 350,LAG145EF
Lexus RX 350,LAG163EF
Lexus RX 350,LAG168CD
Lexus RX 350,LAG168EF
Lexus RX 350,LAG172EF
Lexus RX 350,LAG179CD
Lexus RX 350,LAG187CD
Lexus RX 350,LAG196EF
Lexus RX 350,LAG215GH
Lexus RX 350,LAG221EF
Lexus RX 350,LAG288GH
Lexus RX 350,LAG315EF
Lexus RX 350,LAG344CD
Lexus RX 350,LAG369GH
Lexus RX 350,LAG371CD
Lexus RX 350,LAG383CD
Lexus RX 350,LAG396EF
Lexus RX 350,LAG397EF
Lexus RX 350,LAG401GH
Lexus RX 350,LAG409GH
Lexus RX 350,LAG410CD
Lexus RX 350,LAG438GH
Lexus RX 350,LAG482CD
Lexus RX 350,LAG500CD
Lexus RX 350,LAG502CD
Lexus RX 350,LAG503CD
Lexus RX 350,LAG517GH
Lexus RX 350,LAG542EF
Lexus RX 350,LAG564GH
Lexus RX 350,LAG572CD
Lexus RX 350,LAG579EF
Lexus RX 350,LAG588GH
Lexus RX 350,LAG602CD
Lexus RX 350,LAG610CD
Lexus RX 350,LAG615GH
Lexus RX 350,LAG635EF
Lexus RX 350,LAG645CD
Lexus RX 350,LAG648GH
Lexus RX 350,LAG651GH
Lexus RX 350,LAG658CD
Lexus RX 350,LAG658EF
Lexus RX 350,LAG664EF
Lexus RX 350,LAG674EF
Lexus RX 350,LAG684EF
Lexus RX 350,LAG703EF
Lexus RX 350,LAG707CD
Lexus RX 350,LAG729EF
Lexus RX 350,LAG733CD
Lexus RX 350,LAG752EF
Lexus RX 350,LAG754CD
Lexus RX 350,LAG774EF
Lexus RX 350,LAG791EF
Lexus RX 350,LAG797CD
Lexus RX 350,LAG802GH
Lexus RX 350,LAG849EF
Lexus RX 350,LAG867GH
Lexus RX 350,LAG875CD
Lexus RX 350,LAG884EF
Lexus RX 350,LAG973GH
Lexus RX 350,LAG989EF
Lexus RX 350,LAG994CD
Lexus RX 350,LAG994GH
Lexus RX 350,LAG999EF
Mercedes-Benz C300,ABJ113GH
Mercedes-Benz C300,ABJ125EF
Mercedes-Benz C300,ABJ134EF
Mercedes-Benz C300,ABJ149EF
Mercedes-Benz C300,ABJ158CD
Mercedes-Benz C300,ABJ160EF
Mercedes-Benz C300,ABJ163GH
Mercedes-Benz C300,ABJ183EF
Mercedes-Benz C300,ABJ188GH
Mercedes-Benz C300,ABJ195CD
Mercedes-Benz C300,ABJ229EF
Mercedes-Benz C300,ABJ233CD
Mercedes-Benz C300,ABJ265GH
Mercedes-Benz C300,ABJ270CD
Mercedes-Benz C300,ABJ280EF
Mercedes-Benz C300,ABJ297GH
Mercedes-Benz C300,ABJ308CD
Mercedes-Benz C300,ABJ309GH
Mercedes-Benz C300,ABJ357CD
Mercedes-Benz C300,ABJ374EF
Mercedes-Benz C300,ABJ385GH
Mercedes-Benz C300,ABJ397CD
Mercedes-Benz C300,ABJ409EF
Mercedes-Benz C300,ABJ411GH
Mercedes-Benz C300,ABJ421EF
Mercedes-Benz C300,ABJ440GH
Mercedes-Benz C300,ABJ445GH
Mercedes-Benz C300,ABJ451EF
Mercedes-Benz C300,ABJ459EF
Mercedes-Benz C300,ABJ462CD
Mercedes-Benz C300,ABJ471GH
Mercedes-Benz C300,ABJ551CD
Mercedes-Benz C300,ABJ552EF
Mercedes-Benz C300,ABJ564CD
Mercedes-Benz C300,ABJ570GH
Mercedes-Benz C300,ABJ571CD
Mercedes-Benz C300,ABJ573GH
Mercedes-Benz C300,ABJ579EF
Mercedes-Benz C300,ABJ619EF
Mercedes-Benz C300,ABJ647GH
Mercedes-Benz C300,ABJ648CD
Mercedes-Benz C300,ABJ652GH
Mercedes-Benz C300,ABJ680GH
Mercedes-Benz C300,ABJ683CD
Mercedes-Benz C300,ABJ685EF
Mercedes-Benz C300,ABJ686CD
Mercedes-Benz C300,ABJ687GH
Mercedes-Benz C300,ABJ706CD
Mercedes-Benz C300,ABJ708EF
Mercedes-Benz C300,ABJ718CD
Mercedes-Benz C300,ABJ728GH
Mercedes-Benz C300,ABJ731GH
Mercedes-Benz C300,ABJ781CD
Mercedes-Benz C300,ABJ803EF
Mercedes-Benz C300,ABJ858GH
Mercedes-Benz C300,ABJ873EF
Mercedes-Benz C300,ABJ875CD
Mercedes-Benz C300,ABJ899GH
Mercedes-Benz C300,ABJ924GH
Mercedes-Benz C300,ABJ944GH
Mercedes-Benz C300,KAN103EF
Mercedes-Benz C300,KAN105GH
Mercedes-Benz C300,KAN113GH
Mercedes-Benz C300,KAN123GH
Mercedes-Benz C300,KAN127EF
Mercedes-Benz C300,KAN133CD
Mercedes-Benz C300,KAN146CD
Mercedes-Benz C300,KAN150CD
Mercedes-Benz C300,KAN174EF
Mercedes-Benz C300,KAN181EF
Mercedes-Benz C300,KAN184EF
Mercedes-Benz C300,KAN185CD
Mercedes-Benz C300,KAN191CD
Mercedes-Benz C300,KAN195EF
Mercedes-Benz C300,KAN202GH
Mercedes-Benz C300,KAN212CD
Mercedes-Benz C300,KAN218GH
Mercedes-Benz C300,KAN255CD
Mercedes-Benz C300,KAN262CD
Mercedes-Benz C300,KAN282CD
Mercedes-Benz C300,KAN284EF
Mercedes-Benz C300,KAN300EF
Mercedes-Benz C300,KAN303CD
Mercedes-Benz C300,KAN311GH
Mercedes-Benz C300,KAN336EF
Mercedes-Benz C300,KAN347GH
Mercedes-Benz C300,KAN359GH
Mercedes-Benz C300,KAN366GH
Mercedes-Benz C300,KAN405CD
Mercedes-Benz C300,KAN409CD
Mercedes-Benz C300,KAN412CD
Mercedes-Benz C300,KAN452CD
Mercedes-Benz C300,KAN457EF
Mercedes-Benz C300,KAN486CD
Mercedes-Benz C300,KAN489GH
Mercedes-Benz C300,KAN525CD
Mercedes-Benz C300,KAN534CD
Mercedes-Benz C300,KAN546EF
Mercedes-Benz C300,KAN552EF
Mercedes-Benz C300,KAN560GH
Mercedes-Benz C300,KAN574EF
Mercedes-Benz C300,KAN584CD
Mercedes-Benz C300,KAN595CD
Mercedes-Benz C300,KAN597EF
Mercedes-Benz C300,KAN615CD
Mercedes-Benz C300,KAN615GH
Mercedes-Benz C300,KAN637EF
Mercedes-Benz C300,KAN702EF
Mercedes-Benz C300,KAN725CD
Mercedes-Benz C300,KAN727EF
Mercedes-Benz C300,KAN790CD
Mercedes-Benz C300,KAN801GH
Mercedes-Benz C300,KAN804CD
Mercedes-Benz C300,KAN814CD
Mercedes-Benz C300,KAN819CD
Mercedes-Benz C300,KAN827CD
Mercedes-Benz C300,KAN835CD
Mercedes-Benz C300,KAN836GH
Mercedes-Benz C300,KAN839GH
Mercedes-Benz C300,KAN840GH
Mercedes-Benz C300,KAN841EF
Mercedes-Benz C300,KAN858EF
Mercedes-Benz C300,KAN859EF
Mercedes-Benz C300,KAN859GH
Mercedes-Benz C300,KAN881EF
Mercedes-Benz C300,KAN890EF
Mercedes-Benz C300,KAN892CD
Mercedes-Benz C300,KAN903GH
Mercedes-Benz C300,KAN928EF
Mercedes-Benz C300,KAN932EF
Mercedes-Benz C300,KAN938CD
Mercedes-Benz C300,KAN940GH
Mercedes-Benz C300,KAN947EF
Mercedes-Benz C300,KAN955CD
Mercedes-Benz C300,KAN960CD
Mercedes-Benz C300,KAN962CD
Mercedes-Benz C300,KAN976EF
Mercedes-Benz C300,KAN977GH
Mercedes-Benz C300,KAN987GH
Mercedes-Benz C300,KAN992GH
Mercedes-Benz C300,KAN997EF
Mercedes-Benz C300,LAG107EF
Mercedes-Benz C300,LAG111GH
Mercedes-Benz C300,LAG128CD
Mercedes-Benz C300,LAG130CD
Mercedes-Benz C300,LAG133CD
Mercedes-Benz C300,LAG139EF
Mercedes-Benz C300,LAG143EF
Mercedes-Benz C300,LAG144GH
Mercedes-Benz C300,LAG153EF
Mercedes-Benz C300,LAG166EF
Mercedes-Benz C300,LAG198CD
Mercedes-Benz C300,LAG200EF
Mercedes-Benz C300,LAG212CD
Mercedes-Benz C300,LAG232GH
Mercedes-Benz C300,LAG234CD
Mercedes-Benz C300,LAG236GH
Mercedes-Benz C300,LAG266GH
Mercedes-Benz C300,LAG268CD
Mercedes-Benz C300,LAG282EF
Mercedes-Benz C300,LAG284EF
Mercedes-Benz C300,LAG294GH
Mercedes-Benz C300,LAG304CD
Mercedes-Benz C300,LAG307CD
Mercedes-Benz C300,LAG342GH
Mercedes-Benz C300,LAG363CD
Mercedes-Benz C300,LAG369GH
Mercedes-Benz C300,LAG400GH
Mercedes-Benz C300,LAG412CD
Mercedes-Benz C300,LAG421GH
Mercedes-Benz C300,LAG473EF
Mercedes-Benz C300,LAG501EF
Mercedes-Benz C300,LAG518GH
Mercedes-Benz C300,LAG526EF
Mercedes-Benz C300,LAG559EF
Mercedes-Benz C300,LAG572GH
Mercedes-Benz C300,LAG584CD
Mercedes-Benz C300,LAG631EF
Mercedes-Benz C300,LAG656EF
Mercedes-Benz C300,LAG673GH
Mercedes-Benz C300,LAG708CD
Mercedes-Benz C300,LAG739EF
Mercedes-Benz C300,LAG752EF
Mercedes-Benz C300,LAG757EF
Mercedes-Benz C300,LAG767CD
Mercedes-Benz C300,LAG767EF
Mercedes-Benz C300,LAG775EF
Mercedes-Benz C300,LAG779EF
Mercedes-Benz C300,LAG790GH
Mercedes-Benz C300,LAG795EF
Mercedes-Benz C300,LAG804EF
Mercedes-Benz C300,LAG818EF
Mercedes-Benz C300,LAG826CD
Mercedes-Benz C300,LAG843GH
Mercedes-Benz C300,LAG845EF
Mercedes-Benz C300,LAG869EF
Mercedes-Benz C300,LAG903EF
Mercedes-Benz C300,LAG904CD
Mercedes-Benz C300,LAG940GH
Mercedes-Benz C300,LAG955CD
Mercedes-Benz C300,LAG958CD
Mercedes-Benz C300,LAG958GH
Mercedes-Benz C300,LAG959CD
Mercedes-Benz C300,LAG965GH
Mercedes-Benz C300,LAG973CD
Mercedes-Benz C300,LAG985CD
Mercedes-Benz C300,LAG985EF
Mercedes-Benz C300,LAG992EF
Mercedes-Benz C300,LAG998GH
Mercedes-Benz GLE,ABJ124GH
Mercedes-Benz GLE,ABJ142GH
Mercedes-Benz GLE,ABJ146CD
Mercedes-Benz GLE,ABJ154EF
Mercedes-Benz GLE,ABJ172CD
Mercedes-Benz GLE,ABJ178CD
Mercedes-Benz GLE,ABJ179EF
Mercedes-Benz GLE,ABJ206CD
Mercedes-Benz GLE,ABJ209CD
Mercedes-Benz GLE,ABJ217CD
Mercedes-Benz GLE,ABJ227EF
Mercedes-Benz GLE,ABJ245CD
Mercedes-Benz GLE,ABJ246CD
Mercedes-Benz GLE,ABJ280EF
Mercedes-Benz GLE,ABJ281EF
Mercedes-Benz GLE,ABJ308CD
Mercedes-Benz GLE,ABJ329CD
Mercedes-Benz GLE,ABJ341EF
Mercedes-Benz GLE,ABJ346GH
Mercedes-Benz GLE,ABJ431GH
Mercedes-Benz GLE,ABJ477EF
Mercedes-Benz GLE,ABJ478CD
Mercedes-Benz GLE,ABJ481GH
Mercedes-Benz GLE,ABJ484CD
Mercedes-Benz GLE,ABJ490GH
Mercedes-Benz GLE,ABJ497EF
Mercedes-Benz GLE,ABJ502EF
Mercedes-Benz GLE,ABJ520CD
Mercedes-Benz GLE,ABJ530GH
Mercedes-Benz GLE,ABJ534EF
Mercedes-Benz GLE,ABJ548CD
Mercedes-Benz GLE,ABJ555GH
Mercedes-Benz GLE,ABJ569CD
Mercedes-Benz GLE,ABJ572EF
Mercedes-Benz GLE,ABJ579GH
Mercedes-Benz GLE,ABJ599CD
Mercedes-Benz GLE,ABJ619EF
Mercedes-Benz GLE,ABJ623EF
Mercedes-Benz GLE,ABJ628CD
Mercedes-Benz GLE,ABJ639CD
Mercedes-Benz GLE,ABJ646GH
Mercedes-Benz GLE,ABJ664CD
Mercedes-Benz GLE,ABJ666EF
Mercedes-Benz GLE,ABJ666GH
Mercedes-Benz GLE,ABJ680GH
Mercedes-Benz GLE,ABJ689EF
Mercedes-Benz GLE,ABJ720EF
Mercedes-Benz GLE,ABJ723EF
Mercedes-Benz GLE,ABJ748EF
Mercedes-Benz GLE,ABJ749EF
Mercedes-Benz GLE,ABJ749GH
Mercedes-Benz GLE,ABJ751CD
Mercedes-Benz GLE,ABJ770CD
Mercedes-Benz GLE,ABJ772EF
Mercedes-Benz GLE,ABJ775GH
Mercedes-Benz GLE,ABJ811CD
Mercedes-Benz GLE,ABJ813EF
Mercedes-Benz GLE,ABJ822GH
Mercedes-Benz GLE,ABJ823GH
Mercedes-Benz GLE,ABJ841EF
Mercedes-Benz GLE,ABJ845GH
Mercedes-Benz GLE,ABJ848CD
Mercedes-Benz GLE,ABJ851EF
Mercedes-Benz GLE,ABJ865CD
Mercedes-Benz GLE,ABJ873GH
Mercedes-Benz GLE,ABJ884EF
Mercedes-Benz GLE,ABJ893CD
Mercedes-Benz GLE,ABJ918EF
Mercedes-Benz GLE,ABJ928EF
Mercedes-Benz GLE,ABJ931GH
Mercedes-Benz GLE,ABJ949EF
Mercedes-Benz GLE,ABJ950EF
Mercedes-Benz GLE,ABJ952GH
Mercedes-Benz GLE,ABJ956GH
Mercedes-Benz GLE,ABJ983GH
Mercedes-Benz GLE,ABJ993CD
Mercedes-Benz GLE,KAN103CD
Mercedes-Benz GLE,KAN110CD
Mercedes-Benz GLE,KAN114GH
Mercedes-Benz GLE,KAN130CD
Mercedes-Benz GLE,KAN162CD
Mercedes-Benz GLE,KAN164CD
Mercedes-Benz GLE,KAN176EF
Mercedes-Benz GLE,KAN185CD
Mercedes-Benz GLE,KAN186EF
Mercedes-Benz GLE,KAN199CD
Mercedes-Benz GLE,KAN202GH
Mercedes-Benz GLE,KAN209EF
Mercedes-Benz GLE,KAN224EF
Mercedes-Benz GLE,KAN237GH
Mercedes-Benz GLE,KAN255EF
Mercedes-Benz GLE,KAN256CD
Mercedes-Benz GLE,KAN279EF
Mercedes-Benz GLE,KAN299CD
Mercedes-Benz GLE,KAN309GH
Mercedes-Benz GLE,KAN315EF
Mercedes-Benz GLE,KAN319GH
Mercedes-Benz GLE,KAN337CD
Mercedes-Benz GLE,KAN340EF
Mercedes-Benz GLE,KAN340GH
Mercedes-Benz GLE,KAN347CD
Mercedes-Benz GLE,KAN347GH
Mercedes-Benz GLE,KAN350EF
Mercedes-Benz GLE,KAN354CD
Mercedes-Benz GLE,KAN355CD
Mercedes-Benz GLE,KAN374EF
Mercedes-Benz GLE,KAN380EF
Mercedes-Benz GLE,KAN396GH
Mercedes-Benz GLE,KAN402EF
Mercedes-Benz GLE,KAN421CD
Mercedes-Benz GLE,KAN424CD
Mercedes-Benz GLE,KAN445CD
Mercedes-Benz GLE,KAN451GH
Mercedes-Benz GLE,KAN480GH
Mercedes-Benz GLE,KAN485CD
Mercedes-Benz GLE,KAN503EF
Mercedes-Benz GLE,KAN505GH
Mercedes-Benz GLE,KAN508CD
Mercedes-Benz GLE,KAN510CD
Mercedes-Benz GLE,KAN521CD
Mercedes-Benz GLE,KAN523GH
Mercedes-Benz GLE,KAN536EF
Mercedes-Benz GLE,KAN539CD
Mercedes-Benz GLE,KAN555GH
Mercedes-Benz GLE,KAN569EF
Mercedes-Benz GLE,KAN585EF
Mercedes-Benz GLE,KAN596EF
Mercedes-Benz GLE,KAN606GH
Mercedes-Benz GLE,KAN612EF
Mercedes-Benz GLE,KAN613EF
Mercedes-Benz GLE,KAN620GH
Mercedes-Benz GLE,KAN635EF
Mercedes-Benz GLE,KAN640EF
Mercedes-Benz GLE,KAN643EF
Mercedes-Benz GLE,KAN672CD
Mercedes-Benz GLE,KAN690EF
Mercedes-Benz GLE,KAN709CD
Mercedes-Benz GLE,KAN713EF
Mercedes-Benz GLE,KAN719EF
Mercedes-Benz GLE,KAN721CD
Mercedes-Benz GLE,KAN728GH
Mercedes-Benz GLE,KAN796EF
Mercedes-Benz GLE,KAN846EF
Mercedes-Benz GLE,KAN847GH
Mercedes-Benz GLE,KAN853CD
Mercedes-Benz GLE,KAN860GH
Mercedes-Benz GLE,KAN871CD
Mercedes-Benz GLE,KAN894GH
Mercedes-Benz GLE,KAN912GH
Mercedes-Benz GLE,KAN914CD
Mercedes-Benz GLE,KAN929GH
Mercedes-Benz GLE,KAN958GH
Mercedes-Benz GLE,KAN987CD
Mercedes-Benz GLE,LAG123CD
Mercedes-Benz GLE,LAG129EF
Mercedes-Benz GLE,LAG134GH
Mercedes-Benz GLE,LAG146CD
Mercedes-Benz GLE,LAG176GH
Mercedes-Benz GLE,LAG188CD
Mercedes-Benz GLE,LAG195CD
Mercedes-Benz GLE,LAG212GH
Mercedes-Benz GLE,LAG217CD
Mercedes-Benz GLE,LAG223GH
Mercedes-Benz GLE,LAG232GH
Mercedes-Benz GLE,LAG246GH
Mercedes-Benz GLE,LAG248EF
Mercedes-Benz GLE,LAG271CD
Mercedes-Benz GLE,LAG273EF
Mercedes-Benz GLE,LAG280GH
Mercedes-Benz GLE,LAG304EF
Mercedes-Benz GLE,LAG318EF
Mercedes-Benz GLE,LAG329GH
Mercedes-Benz GLE,LAG331CD
Mercedes-Benz GLE,LAG374GH
Mercedes-Benz GLE,LAG408CD
Mercedes-Benz GLE,LAG429GH
Mercedes-Benz GLE,LAG430EF
Mercedes-Benz GLE,LAG439EF
Mercedes-Benz GLE,LAG470CD
Mercedes-Benz GLE,LAG475GH
Mercedes-Benz GLE,LAG476GH
Mercedes-Benz GLE,LAG484CD
Mercedes-Benz GLE,LAG485EF
Mercedes-Benz GLE,LAG486EF
Mercedes-Benz GLE,LAG500EF
Mercedes-Benz GLE,LAG508EF
Mercedes-Benz GLE,LAG521EF
Mercedes-Benz GLE,LAG531CD
Mercedes-Benz GLE,LAG531EF
Mercedes-Benz GLE,LAG549CD
Mercedes-Benz GLE,LAG563EF
Mercedes-Benz GLE,LAG579GH
Mercedes-Benz GLE,LAG595GH
Mercedes-Benz GLE,LAG598EF
Mercedes-Benz GLE,LAG607CD
Mercedes-Benz GLE,LAG617CD
Mercedes-Benz GLE,LAG619CD
Mercedes-Benz GLE,LAG623GH
Mercedes-Benz GLE,LAG643CD
Mercedes-Benz GLE,LAG667CD
Mercedes-Benz GLE,LAG674GH
Mercedes-Benz GLE,LAG681GH
Mercedes-Benz GLE,LAG719CD
Mercedes-Benz GLE,LAG722GH
Mercedes-Benz GLE,LAG743EF
Mercedes-Benz GLE,LAG768GH
Mercedes-Benz GLE,LAG776CD
Mercedes-Benz GLE,LAG813EF
Mercedes-Benz GLE,LAG825GH
Mercedes-Benz GLE,LAG867GH
Mercedes-Benz GLE,LAG878CD
Mercedes-Benz GLE,LAG901EF
Mercedes-Benz GLE,LAG909CD
Mercedes-Benz GLE,LAG927CD
Mercedes-Benz GLE,LAG933EF
Mercedes-Benz GLE,LAG942CD
Mercedes-Benz GLE,LAG947EF
Mercedes-Benz GLE,LAG948EF
Mercedes-Benz GLE,LAG950GH
Toyota Corolla,ABJ102CD
Toyota Corolla,ABJ128EF
Toyota Corolla,ABJ136CD
Toyota Corolla,ABJ155EF
Toyota Corolla,ABJ156EF
Toyota Corolla,ABJ162GH
Toyota Corolla,ABJ166CD
Toyota Corolla,ABJ171EF
Toyota Corolla,ABJ174CD
Toyota Corolla,ABJ175GH
Toyota Corolla,ABJ184EF
Toyota Corolla,ABJ193GH
Toyota Corolla,ABJ198CD
Toyota Corolla,ABJ201GH
Toyota Corolla,ABJ206EF
Toyota Corolla,ABJ235CD
Toyota Corolla,ABJ241GH
Toyota Corolla,ABJ244EF
Toyota Corolla,ABJ258CD
Toyota Corolla,ABJ274GH
Toyota Corolla,ABJ278GH
Toyota Corolla,ABJ300EF
Toyota Corolla,ABJ301CD
Toyota Corolla,ABJ306GH
Toyota Corolla,ABJ322CD
Toyota Corolla,ABJ325GH
Toyota Corolla,ABJ356CD
Toyota Corolla,ABJ356GH
Toyota Corolla,ABJ365CD
Toyota Corolla,ABJ377GH
Toyota Corolla,ABJ385GH
Toyota Corolla,ABJ389GH
Toyota Corolla,ABJ391CD
Toyota Corolla,ABJ397GH
Toyota Corolla,ABJ429GH
Toyota Corolla,ABJ430CD
Toyota Corolla,ABJ440EF
Toyota Corolla,ABJ467EF
Toyota Corolla,ABJ478CD
Toyota Corolla,ABJ506CD
Toyota Corolla,ABJ511GH
Toyota Corolla,ABJ512GH
Toyota Corolla,ABJ535GH
Toyota Corolla,ABJ542GH
Toyota Corolla,ABJ584EF
Toyota Corolla,ABJ613EF
Toyota Corolla,ABJ669EF
Toyota Corolla,ABJ675CD
Toyota Corolla,ABJ675EF
Toyota Corolla,ABJ677EF
Toyota Corolla,ABJ682EF
Toyota Corolla,ABJ693GH
Toyota Corolla,ABJ707GH
Toyota Corolla,ABJ723CD
Toyota Corolla,ABJ735GH
Toyota Corolla,ABJ740CD
Toyota Corolla,ABJ778EF
Toyota Corolla,ABJ798EF
Toyota Corolla,ABJ841GH
Toyota Corolla,ABJ860GH
Toyota Corolla,ABJ871GH
Toyota Corolla,ABJ873CD
Toyota Corolla,ABJ873EF
Toyota Corolla,ABJ911GH
Toyota Corolla,ABJ918EF
Toyota Corolla,ABJ921EF
Toyota Corolla,ABJ925CD
Toyota Corolla,ABJ947EF
Toyota Corolla,ABJ951GH
Toyota Corolla,ABJ952CD
Toyota Corolla,ABJ971EF
Toyota Corolla,ABJ987EF
Toyota Corolla,ABJ996EF
Toyota Corolla,KAN105CD
Toyota Corolla,KAN145GH
Toyota Corolla,KAN171CD
Toyota Corolla,KAN204CD
Toyota Corolla,KAN205CD
Toyota Corolla,KAN206CD
Toyota Corolla,KAN210EF
Toyota Corolla,KAN210GH
Toyota Corolla,KAN211GH
Toyota Corolla,KAN223GH
Toyota Corolla,KAN224CD
Toyota Corolla,KAN225GH
Toyota Corolla,KAN232EF
Toyota Corolla,KAN241CD
Toyota Corolla,KAN242GH
Toyota Corolla,KAN273CD
Toyota Corolla,KAN315EF
Toyota Corolla,KAN316EF
Toyota Corolla,KAN318EF
Toyota Corolla,KAN346CD
Toyota Corolla,KAN346GH
Toyota Corolla,KAN365CD
Toyota Corolla,KAN366GH
Toyota Corolla,KAN384GH
Toyota Corolla,KAN401EF
Toyota Corolla,KAN408EF
Toyota Corolla,KAN417EF
Toyota Corolla,KAN458EF
Toyota Corolla,KAN460EF
Toyota Corolla,KAN464CD
Toyota Corolla,KAN472EF
Toyota Corolla,KAN525CD
Toyota Corolla,KAN528EF
Toyota Corolla,KAN533EF
Toyota Corolla,KAN549GH
Toyota Corolla,KAN550GH
Toyota Corolla,KAN581GH
Toyota Corolla,KAN582EF
Toyota Corolla,KAN588GH
Toyota Corolla,KAN593GH
Toyota Corolla,KAN618CD
Toyota Corolla,KAN625CD
Toyota Corolla,KAN626EF
Toyota Corolla,KAN637GH
Toyota Corolla,KAN643EF
Toyota Corolla,KAN692GH
Toyota Corolla,KAN698GH
Toyota Corolla,KAN721CD
Toyota Corolla,KAN770CD
Toyota Corolla,KAN772GH
Toyota Corolla,KAN775CD
Toyota Corolla,KAN816GH
Toyota Corolla,KAN912CD
Toyota Corolla,KAN938CD
Toyota Corolla,KAN949EF
Toyota Corolla,KAN958EF
Toyota Corolla,KAN964GH
Toyota Corolla,KAN998EF
Toyota Corolla,LAG124GH
Toyota Corolla,LAG143CD
Toyota Corolla,LAG195EF
Toyota Corolla,LAG199CD
Toyota Corolla,LAG199GH
Toyota Corolla,LAG211CD
Toyota Corolla,LAG212CD
Toyota Corolla,LAG216CD
Toyota Corolla,LAG217EF
Toyota Corolla,LAG220GH
Toyota Corolla,LAG243GH
Toyota Corolla,LAG288CD
Toyota Corolla,LAG314CD
Toyota Corolla,LAG316CD
Toyota Corolla,LAG317CD
Toyota Corolla,LAG349EF
Toyota Corolla,LAG351CD
Toyota Corolla,LAG390GH
Toyota Corolla,LAG396EF
Toyota Corolla,LAG424EF
Toyota Corolla,LAG440CD
Toyota Corolla,LAG449CD
Toyota Corolla,LAG449EF
Toyota Corolla,LAG460CD
Toyota Corolla,LAG493EF
Toyota Corolla,LAG500EF
Toyota Corolla,LAG520GH
Toyota Corolla,LAG523EF
Toyota Corolla,LAG529EF
Toyota Corolla,LAG533CD
Toyota Corolla,LAG533GH
Toyota Corolla,LAG547CD
Toyota Corolla,LAG570GH
Toyota Corolla,LAG573CD
Toyota Corolla,LAG590GH
Toyota Corolla,LAG624GH
Toyota Corolla,LAG642GH
Toyota Corolla,LAG693EF
Toyota Corolla,LAG697CD
Toyota Corolla,LAG711EF
Toyota Corolla,LAG721GH
Toyota Corolla,LAG740CD
Toyota Corolla,LAG750CD
Toyota Corolla,LAG765CD
Toyota Corolla,LAG776CD
Toyota Corolla,LAG777EF
Toyota Corolla,LAG795EF
Toyota Corolla,LAG812CD
Toyota Corolla,LAG814GH
Toyota Corolla,LAG849GH
Toyota Corolla,LAG865GH
Toyota Corolla,LAG884EF
Toyota Corolla,LAG905EF
Toyota Corolla,LAG918GH
Toyota Corolla,LAG932EF
Toyota Corolla,LAG989GH
Toyota Corolla,LAG995CD
